rate_date,currency,rate_per_eur
2019-01-02,CHF,0.942000
2019-01-02,GBP,0.858000
2019-01-02,USD,1.085000
2019-01-03,CHF,0.939352
2019-01-03,GBP,0.853734
2019-01-03,USD,1.087060
2019-01-04,CHF,0.939514
2019-01-04,GBP,0.853574
2019-01-04,USD,1.092387
2019-01-07,CHF,0.934959
2019-01-07,GBP,0.858239
2019-01-07,USD,1.093955
2019-01-08,CHF,0.932524
2019-01-08,GBP,0.853076
2019-01-08,USD,1.092991
2019-01-09,CHF,0.932825
2019-01-09,GBP,0.854626
2019-01-09,USD,1.089842
2019-01-10,CHF,0.929836
2019-01-10,GBP,0.855009
2019-01-10,USD,1.088508
2019-01-11,CHF,0.928040
2019-01-11,GBP,0.858093
2019-01-11,USD,1.088634
2019-01-14,CHF,0.926667
2019-01-14,GBP,0.852362
2019-01-14,USD,1.089903
2019-01-15,CHF,0.927949
2019-01-15,GBP,0.851184
2019-01-15,USD,1.086813
2019-01-16,CHF,0.926819
2019-01-16,GBP,0.847989
2019-01-16,USD,1.092865
2019-01-17,CHF,0.928286
2019-01-17,GBP,0.852505
2019-01-17,USD,1.088248
2019-01-18,CHF,0.931461
2019-01-18,GBP,0.849676
2019-01-18,USD,1.091225
2019-01-21,CHF,0.930199
2019-01-21,GBP,0.846248
2019-01-21,USD,1.099560
2019-01-22,CHF,0.930428
2019-01-22,GBP,0.846739
2019-01-22,USD,1.096489
2019-01-23,CHF,0.929629
2019-01-23,GBP,0.843124
2019-01-23,USD,1.093232
2019-01-24,CHF,0.929797
2019-01-24,GBP,0.840800
2019-01-24,USD,1.092119
2019-01-25,CHF,0.927106
2019-01-25,GBP,0.838372
2019-01-25,USD,1.088993
2019-01-28,CHF,0.928826
2019-01-28,GBP,0.842902
2019-01-28,USD,1.092302
2019-01-29,CHF,0.928303
2019-01-29,GBP,0.841025
2019-01-29,USD,1.084763
2019-01-30,CHF,0.927024
2019-01-30,GBP,0.842046
2019-01-30,USD,1.081334
2019-01-31,CHF,0.924163
2019-01-31,GBP,0.842643
2019-01-31,USD,1.081213
2019-02-01,CHF,0.925554
2019-02-01,GBP,0.843678
2019-02-01,USD,1.086687
2019-02-04,CHF,0.927081
2019-02-04,GBP,0.847763
2019-02-04,USD,1.083982
2019-02-05,CHF,0.924016
2019-02-05,GBP,0.846940
2019-02-05,USD,1.089248
2019-02-06,CHF,0.927564
2019-02-06,GBP,0.843889
2019-02-06,USD,1.081522
2019-02-07,CHF,0.927904
2019-02-07,GBP,0.844673
2019-02-07,USD,1.086210
2019-02-08,CHF,0.929289
2019-02-08,GBP,0.848329
2019-02-08,USD,1.088619
2019-02-11,CHF,0.931089
2019-02-11,GBP,0.847867
2019-02-11,USD,1.089254
2019-02-12,CHF,0.931180
2019-02-12,GBP,0.846933
2019-02-12,USD,1.087456
2019-02-13,CHF,0.933358
2019-02-13,GBP,0.850095
2019-02-13,USD,1.084619
2019-02-14,CHF,0.932864
2019-02-14,GBP,0.854217
2019-02-14,USD,1.083262
2019-02-15,CHF,0.933013
2019-02-15,GBP,0.854829
2019-02-15,USD,1.084882
2019-02-18,CHF,0.933992
2019-02-18,GBP,0.850323
2019-02-18,USD,1.081772
2019-02-19,CHF,0.930154
2019-02-19,GBP,0.848515
2019-02-19,USD,1.088913
2019-02-20,CHF,0.928408
2019-02-20,GBP,0.851735
2019-02-20,USD,1.088589
2019-02-21,CHF,0.925316
2019-02-21,GBP,0.848863
2019-02-21,USD,1.084560
2019-02-22,CHF,0.920872
2019-02-22,GBP,0.852430
2019-02-22,USD,1.084063
2019-02-25,CHF,0.918570
2019-02-25,GBP,0.847976
2019-02-25,USD,1.086717
2019-02-26,CHF,0.919924
2019-02-26,GBP,0.848401
2019-02-26,USD,1.083556
2019-02-27,CHF,0.920198
2019-02-27,GBP,0.845600
2019-02-27,USD,1.086073
2019-02-28,CHF,0.920952
2019-02-28,GBP,0.842790
2019-02-28,USD,1.080395
2019-03-01,CHF,0.921460
2019-03-01,GBP,0.842847
2019-03-01,USD,1.077266
2019-03-04,CHF,0.924678
2019-03-04,GBP,0.844837
2019-03-04,USD,1.074260
2019-03-05,CHF,0.925518
2019-03-05,GBP,0.842542
2019-03-05,USD,1.075799
2019-03-06,CHF,0.923047
2019-03-06,GBP,0.843898
2019-03-06,USD,1.074915
2019-03-07,CHF,0.924093
2019-03-07,GBP,0.845888
2019-03-07,USD,1.072882
2019-03-08,CHF,0.922719
2019-03-08,GBP,0.848363
2019-03-08,USD,1.064891
2019-03-11,CHF,0.924375
2019-03-11,GBP,0.855773
2019-03-11,USD,1.071695
2019-03-12,CHF,0.923815
2019-03-12,GBP,0.852098
2019-03-12,USD,1.068276
2019-03-13,CHF,0.921518
2019-03-13,GBP,0.855270
2019-03-13,USD,1.071326
2019-03-14,CHF,0.919985
2019-03-14,GBP,0.857026
2019-03-14,USD,1.072452
2019-03-15,CHF,0.917368
2019-03-15,GBP,0.858602
2019-03-15,USD,1.078507
2019-03-18,CHF,0.916698
2019-03-18,GBP,0.861613
2019-03-18,USD,1.084587
2019-03-19,CHF,0.915208
2019-03-19,GBP,0.862803
2019-03-19,USD,1.081786
2019-03-20,CHF,0.911946
2019-03-20,GBP,0.864132
2019-03-20,USD,1.074466
2019-03-21,CHF,0.910057
2019-03-21,GBP,0.865696
2019-03-21,USD,1.077531
2019-03-22,CHF,0.909341
2019-03-22,GBP,0.864459
2019-03-22,USD,1.082350
2019-03-25,CHF,0.909602
2019-03-25,GBP,0.862177
2019-03-25,USD,1.077977
2019-03-26,CHF,0.909970
2019-03-26,GBP,0.862807
2019-03-26,USD,1.081453
2019-03-27,CHF,0.908392
2019-03-27,GBP,0.865439
2019-03-27,USD,1.083800
2019-03-28,CHF,0.906347
2019-03-28,GBP,0.862910
2019-03-28,USD,1.088028
2019-03-29,CHF,0.908652
2019-03-29,GBP,0.860797
2019-03-29,USD,1.087009
2019-04-01,CHF,0.907250
2019-04-01,GBP,0.860061
2019-04-01,USD,1.094053
2019-04-02,CHF,0.906490
2019-04-02,GBP,0.866058
2019-04-02,USD,1.106838
2019-04-03,CHF,0.906583
2019-04-03,GBP,0.863823
2019-04-03,USD,1.106927
2019-04-04,CHF,0.904585
2019-04-04,GBP,0.861130
2019-04-04,USD,1.118807
2019-04-05,CHF,0.905145
2019-04-05,GBP,0.863377
2019-04-05,USD,1.108064
2019-04-08,CHF,0.906331
2019-04-08,GBP,0.863378
2019-04-08,USD,1.109713
2019-04-09,CHF,0.904409
2019-04-09,GBP,0.863698
2019-04-09,USD,1.105471
2019-04-10,CHF,0.904533
2019-04-10,GBP,0.866219
2019-04-10,USD,1.111466
2019-04-11,CHF,0.905266
2019-04-11,GBP,0.867405
2019-04-11,USD,1.114510
2019-04-12,CHF,0.905405
2019-04-12,GBP,0.866009
2019-04-12,USD,1.121999
2019-04-15,CHF,0.906744
2019-04-15,GBP,0.867049
2019-04-15,USD,1.118261
2019-04-16,CHF,0.907225
2019-04-16,GBP,0.870092
2019-04-16,USD,1.117652
2019-04-17,CHF,0.905674
2019-04-17,GBP,0.870730
2019-04-17,USD,1.115129
2019-04-18,CHF,0.906338
2019-04-18,GBP,0.872161
2019-04-18,USD,1.119801
2019-04-19,CHF,0.906313
2019-04-19,GBP,0.874591
2019-04-19,USD,1.121805
2019-04-22,CHF,0.903652
2019-04-22,GBP,0.875363
2019-04-22,USD,1.126816
2019-04-23,CHF,0.905006
2019-04-23,GBP,0.871592
2019-04-23,USD,1.128126
2019-04-24,CHF,0.906584
2019-04-24,GBP,0.870496
2019-04-24,USD,1.130110
2019-04-25,CHF,0.908708
2019-04-25,GBP,0.868091
2019-04-25,USD,1.127147
2019-04-26,CHF,0.907605
2019-04-26,GBP,0.865326
2019-04-26,USD,1.126446
2019-04-29,CHF,0.910618
2019-04-29,GBP,0.866630
2019-04-29,USD,1.122889
2019-04-30,CHF,0.912049
2019-04-30,GBP,0.871631
2019-04-30,USD,1.129084
2019-05-01,CHF,0.909613
2019-05-01,GBP,0.877788
2019-05-01,USD,1.127656
2019-05-02,CHF,0.912520
2019-05-02,GBP,0.879716
2019-05-02,USD,1.124141
2019-05-03,CHF,0.912800
2019-05-03,GBP,0.880077
2019-05-03,USD,1.126412
2019-05-06,CHF,0.914771
2019-05-06,GBP,0.875651
2019-05-06,USD,1.117022
2019-05-07,CHF,0.917961
2019-05-07,GBP,0.878872
2019-05-07,USD,1.122095
2019-05-08,CHF,0.920015
2019-05-08,GBP,0.879938
2019-05-08,USD,1.129060
2019-05-09,CHF,0.916873
2019-05-09,GBP,0.880083
2019-05-09,USD,1.137844
2019-05-10,CHF,0.916546
2019-05-10,GBP,0.882254
2019-05-10,USD,1.137682
2019-05-13,CHF,0.914917
2019-05-13,GBP,0.886426
2019-05-13,USD,1.137861
2019-05-14,CHF,0.916381
2019-05-14,GBP,0.885930
2019-05-14,USD,1.138419
2019-05-15,CHF,0.915303
2019-05-15,GBP,0.890558
2019-05-15,USD,1.138693
2019-05-16,CHF,0.916598
2019-05-16,GBP,0.891752
2019-05-16,USD,1.145886
2019-05-17,CHF,0.915385
2019-05-17,GBP,0.891316
2019-05-17,USD,1.152907
2019-05-20,CHF,0.919734
2019-05-20,GBP,0.896205
2019-05-20,USD,1.149207
2019-05-21,CHF,0.920067
2019-05-21,GBP,0.904122
2019-05-21,USD,1.149484
2019-05-22,CHF,0.923349
2019-05-22,GBP,0.902985
2019-05-22,USD,1.142966
2019-05-23,CHF,0.922915
2019-05-23,GBP,0.900497
2019-05-23,USD,1.153712
2019-05-24,CHF,0.924153
2019-05-24,GBP,0.896050
2019-05-24,USD,1.149422
2019-05-27,CHF,0.922501
2019-05-27,GBP,0.901524
2019-05-27,USD,1.153358
2019-05-28,CHF,0.921687
2019-05-28,GBP,0.898401
2019-05-28,USD,1.146351
2019-05-29,CHF,0.924722
2019-05-29,GBP,0.899835
2019-05-29,USD,1.149492
2019-05-30,CHF,0.922462
2019-05-30,GBP,0.900905
2019-05-30,USD,1.145735
2019-05-31,CHF,0.921651
2019-05-31,GBP,0.904357
2019-05-31,USD,1.132330
2019-06-03,CHF,0.919186
2019-06-03,GBP,0.905174
2019-06-03,USD,1.136968
2019-06-04,CHF,0.919104
2019-06-04,GBP,0.901443
2019-06-04,USD,1.133899
2019-06-05,CHF,0.919158
2019-06-05,GBP,0.899462
2019-06-05,USD,1.134311
2019-06-06,CHF,0.916429
2019-06-06,GBP,0.901173
2019-06-06,USD,1.129558
2019-06-07,CHF,0.915383
2019-06-07,GBP,0.901636
2019-06-07,USD,1.130410
2019-06-10,CHF,0.916731
2019-06-10,GBP,0.896787
2019-06-10,USD,1.123874
2019-06-11,CHF,0.918852
2019-06-11,GBP,0.897069
2019-06-11,USD,1.128067
2019-06-12,CHF,0.919867
2019-06-12,GBP,0.896643
2019-06-12,USD,1.126145
2019-06-13,CHF,0.919601
2019-06-13,GBP,0.887814
2019-06-13,USD,1.119475
2019-06-14,CHF,0.919424
2019-06-14,GBP,0.891563
2019-06-14,USD,1.121253
2019-06-17,CHF,0.916842
2019-06-17,GBP,0.896309
2019-06-17,USD,1.117390
2019-06-18,CHF,0.914839
2019-06-18,GBP,0.897505
2019-06-18,USD,1.118835
2019-06-19,CHF,0.910288
2019-06-19,GBP,0.895373
2019-06-19,USD,1.109137
2019-06-20,CHF,0.907350
2019-06-20,GBP,0.896342
2019-06-20,USD,1.111299
2019-06-21,CHF,0.907930
2019-06-21,GBP,0.893333
2019-06-21,USD,1.117592
2019-06-24,CHF,0.910795
2019-06-24,GBP,0.898720
2019-06-24,USD,1.120015
2019-06-25,CHF,0.913257
2019-06-25,GBP,0.901285
2019-06-25,USD,1.110269
2019-06-26,CHF,0.914587
2019-06-26,GBP,0.898786
2019-06-26,USD,1.105838
2019-06-27,CHF,0.911068
2019-06-27,GBP,0.902426
2019-06-27,USD,1.100078
2019-06-28,CHF,0.913532
2019-06-28,GBP,0.907337
2019-06-28,USD,1.092898
2019-07-01,CHF,0.914766
2019-07-01,GBP,0.910090
2019-07-01,USD,1.094144
2019-07-02,CHF,0.913758
2019-07-02,GBP,0.910898
2019-07-02,USD,1.100810
2019-07-03,CHF,0.915910
2019-07-03,GBP,0.918025
2019-07-03,USD,1.094246
2019-07-04,CHF,0.917453
2019-07-04,GBP,0.919168
2019-07-04,USD,1.101636
2019-07-05,CHF,0.921543
2019-07-05,GBP,0.920535
2019-07-05,USD,1.096010
2019-07-08,CHF,0.921612
2019-07-08,GBP,0.925328
2019-07-08,USD,1.089416
2019-07-09,CHF,0.919529
2019-07-09,GBP,0.926074
2019-07-09,USD,1.093950
2019-07-10,CHF,0.917697
2019-07-10,GBP,0.926593
2019-07-10,USD,1.092853
2019-07-11,CHF,0.918085
2019-07-11,GBP,0.932872
2019-07-11,USD,1.095103
2019-07-12,CHF,0.917701
2019-07-12,GBP,0.930770
2019-07-12,USD,1.099311
2019-07-15,CHF,0.919032
2019-07-15,GBP,0.932413
2019-07-15,USD,1.094403
2019-07-16,CHF,0.918400
2019-07-16,GBP,0.933369
2019-07-16,USD,1.094442
2019-07-17,CHF,0.918863
2019-07-17,GBP,0.940114
2019-07-17,USD,1.093088
2019-07-18,CHF,0.922245
2019-07-18,GBP,0.938483
2019-07-18,USD,1.106910
2019-07-19,CHF,0.920365
2019-07-19,GBP,0.940125
2019-07-19,USD,1.113498
2019-07-22,CHF,0.918741
2019-07-22,GBP,0.937274
2019-07-22,USD,1.117179
2019-07-23,CHF,0.917430
2019-07-23,GBP,0.935546
2019-07-23,USD,1.113241
2019-07-24,CHF,0.918457
2019-07-24,GBP,0.940434
2019-07-24,USD,1.118983
2019-07-25,CHF,0.922801
2019-07-25,GBP,0.945495
2019-07-25,USD,1.118982
2019-07-26,CHF,0.921176
2019-07-26,GBP,0.945023
2019-07-26,USD,1.119857
2019-07-29,CHF,0.922469
2019-07-29,GBP,0.946942
2019-07-29,USD,1.120318
2019-07-30,CHF,0.918464
2019-07-30,GBP,0.945443
2019-07-30,USD,1.125978
2019-07-31,CHF,0.917540
2019-07-31,GBP,0.943900
2019-07-31,USD,1.129403
2019-08-01,CHF,0.919449
2019-08-01,GBP,0.947872
2019-08-01,USD,1.129279
2019-08-02,CHF,0.919013
2019-08-02,GBP,0.948764
2019-08-02,USD,1.128666
2019-08-05,CHF,0.919933
2019-08-05,GBP,0.946578
2019-08-05,USD,1.119751
2019-08-06,CHF,0.920793
2019-08-06,GBP,0.942583
2019-08-06,USD,1.120800
2019-08-07,CHF,0.923049
2019-08-07,GBP,0.943209
2019-08-07,USD,1.120604
2019-08-08,CHF,0.922740
2019-08-08,GBP,0.945424
2019-08-08,USD,1.131849
2019-08-09,CHF,0.919407
2019-08-09,GBP,0.947769
2019-08-09,USD,1.127087
2019-08-12,CHF,0.919783
2019-08-12,GBP,0.946820
2019-08-12,USD,1.119263
2019-08-13,CHF,0.918882
2019-08-13,GBP,0.953167
2019-08-13,USD,1.118651
2019-08-14,CHF,0.918882
2019-08-14,GBP,0.952842
2019-08-14,USD,1.126798
2019-08-15,CHF,0.919528
2019-08-15,GBP,0.954214
2019-08-15,USD,1.131693
2019-08-16,CHF,0.917931
2019-08-16,GBP,0.952771
2019-08-16,USD,1.136783
2019-08-19,CHF,0.918034
2019-08-19,GBP,0.950245
2019-08-19,USD,1.142686
2019-08-20,CHF,0.916569
2019-08-20,GBP,0.946333
2019-08-20,USD,1.138461
2019-08-21,CHF,0.916058
2019-08-21,GBP,0.945971
2019-08-21,USD,1.127530
2019-08-22,CHF,0.913279
2019-08-22,GBP,0.943443
2019-08-22,USD,1.132223
2019-08-23,CHF,0.915405
2019-08-23,GBP,0.942188
2019-08-23,USD,1.125258
2019-08-26,CHF,0.916045
2019-08-26,GBP,0.938147
2019-08-26,USD,1.122177
2019-08-27,CHF,0.915212
2019-08-27,GBP,0.941475
2019-08-27,USD,1.127036
2019-08-28,CHF,0.915258
2019-08-28,GBP,0.941350
2019-08-28,USD,1.140025
2019-08-29,CHF,0.914156
2019-08-29,GBP,0.934059
2019-08-29,USD,1.141753
2019-08-30,CHF,0.916455
2019-08-30,GBP,0.935160
2019-08-30,USD,1.146116
2019-09-02,CHF,0.916633
2019-09-02,GBP,0.931289
2019-09-02,USD,1.148931
2019-09-03,CHF,0.915163
2019-09-03,GBP,0.934900
2019-09-03,USD,1.149826
2019-09-04,CHF,0.915757
2019-09-04,GBP,0.939830
2019-09-04,USD,1.150997
2019-09-05,CHF,0.913484
2019-09-05,GBP,0.940118
2019-09-05,USD,1.145844
2019-09-06,CHF,0.914594
2019-09-06,GBP,0.934432
2019-09-06,USD,1.139063
2019-09-09,CHF,0.912983
2019-09-09,GBP,0.940629
2019-09-09,USD,1.138279
2019-09-10,CHF,0.910109
2019-09-10,GBP,0.938584
2019-09-10,USD,1.143022
2019-09-11,CHF,0.905097
2019-09-11,GBP,0.936397
2019-09-11,USD,1.137512
2019-09-12,CHF,0.903268
2019-09-12,GBP,0.939714
2019-09-12,USD,1.132348
2019-09-13,CHF,0.904029
2019-09-13,GBP,0.933632
2019-09-13,USD,1.132860
2019-09-16,CHF,0.901894
2019-09-16,GBP,0.935404
2019-09-16,USD,1.130226
2019-09-17,CHF,0.901104
2019-09-17,GBP,0.931720
2019-09-17,USD,1.130480
2019-09-18,CHF,0.897790
2019-09-18,GBP,0.932090
2019-09-18,USD,1.127384
2019-09-19,CHF,0.899542
2019-09-19,GBP,0.935597
2019-09-19,USD,1.130960
2019-09-20,CHF,0.900443
2019-09-20,GBP,0.933736
2019-09-20,USD,1.136730
2019-09-23,CHF,0.902762
2019-09-23,GBP,0.929628
2019-09-23,USD,1.141446
2019-09-24,CHF,0.901254
2019-09-24,GBP,0.929045
2019-09-24,USD,1.135600
2019-09-25,CHF,0.901274
2019-09-25,GBP,0.928995
2019-09-25,USD,1.137726
2019-09-26,CHF,0.902098
2019-09-26,GBP,0.927481
2019-09-26,USD,1.137843
2019-09-27,CHF,0.904622
2019-09-27,GBP,0.927357
2019-09-27,USD,1.142694
2019-09-30,CHF,0.906271
2019-09-30,GBP,0.925092
2019-09-30,USD,1.143554
2019-10-01,CHF,0.904369
2019-10-01,GBP,0.925268
2019-10-01,USD,1.142180
2019-10-02,CHF,0.908341
2019-10-02,GBP,0.925719
2019-10-02,USD,1.142120
2019-10-03,CHF,0.912033
2019-10-03,GBP,0.920226
2019-10-03,USD,1.142885
2019-10-04,CHF,0.911820
2019-10-04,GBP,0.921521
2019-10-04,USD,1.141031
2019-10-07,CHF,0.909854
2019-10-07,GBP,0.924979
2019-10-07,USD,1.134076
2019-10-08,CHF,0.909946
2019-10-08,GBP,0.922028
2019-10-08,USD,1.140645
2019-10-09,CHF,0.910837
2019-10-09,GBP,0.922041
2019-10-09,USD,1.140211
2019-10-10,CHF,0.912427
2019-10-10,GBP,0.923310
2019-10-10,USD,1.150004
2019-10-11,CHF,0.911321
2019-10-11,GBP,0.920674
2019-10-11,USD,1.146717
2019-10-14,CHF,0.909048
2019-10-14,GBP,0.919123
2019-10-14,USD,1.148470
2019-10-15,CHF,0.909026
2019-10-15,GBP,0.914518
2019-10-15,USD,1.142002
2019-10-16,CHF,0.909390
2019-10-16,GBP,0.916831
2019-10-16,USD,1.140082
2019-10-17,CHF,0.907569
2019-10-17,GBP,0.918946
2019-10-17,USD,1.130441
2019-10-18,CHF,0.907391
2019-10-18,GBP,0.917737
2019-10-18,USD,1.133060
2019-10-21,CHF,0.906410
2019-10-21,GBP,0.916001
2019-10-21,USD,1.122902
2019-10-22,CHF,0.907941
2019-10-22,GBP,0.918446
2019-10-22,USD,1.124384
2019-10-23,CHF,0.909305
2019-10-23,GBP,0.917238
2019-10-23,USD,1.133724
2019-10-24,CHF,0.908451
2019-10-24,GBP,0.918508
2019-10-24,USD,1.132910
2019-10-25,CHF,0.904253
2019-10-25,GBP,0.914988
2019-10-25,USD,1.136244
2019-10-28,CHF,0.908355
2019-10-28,GBP,0.913585
2019-10-28,USD,1.135878
2019-10-29,CHF,0.907777
2019-10-29,GBP,0.906640
2019-10-29,USD,1.135768
2019-10-30,CHF,0.909607
2019-10-30,GBP,0.904665
2019-10-30,USD,1.134630
2019-10-31,CHF,0.910919
2019-10-31,GBP,0.900244
2019-10-31,USD,1.134865
2019-11-01,CHF,0.911140
2019-11-01,GBP,0.902122
2019-11-01,USD,1.139267
2019-11-04,CHF,0.909425
2019-11-04,GBP,0.896932
2019-11-04,USD,1.140346
2019-11-05,CHF,0.908283
2019-11-05,GBP,0.898224
2019-11-05,USD,1.135018
2019-11-06,CHF,0.909603
2019-11-06,GBP,0.896633
2019-11-06,USD,1.138242
2019-11-07,CHF,0.908174
2019-11-07,GBP,0.895109
2019-11-07,USD,1.125344
2019-11-08,CHF,0.906555
2019-11-08,GBP,0.896477
2019-11-08,USD,1.126351
2019-11-11,CHF,0.906113
2019-11-11,GBP,0.900859
2019-11-11,USD,1.121025
2019-11-12,CHF,0.907895
2019-11-12,GBP,0.902478
2019-11-12,USD,1.119620
2019-11-13,CHF,0.907880
2019-11-13,GBP,0.905304
2019-11-13,USD,1.124314
2019-11-14,CHF,0.905972
2019-11-14,GBP,0.905796
2019-11-14,USD,1.136251
2019-11-15,CHF,0.903099
2019-11-15,GBP,0.902689
2019-11-15,USD,1.131029
2019-11-18,CHF,0.903497
2019-11-18,GBP,0.903724
2019-11-18,USD,1.127204
2019-11-19,CHF,0.908366
2019-11-19,GBP,0.900520
2019-11-19,USD,1.132173
2019-11-20,CHF,0.909648
2019-11-20,GBP,0.901160
2019-11-20,USD,1.124790
2019-11-21,CHF,0.911711
2019-11-21,GBP,0.902839
2019-11-21,USD,1.123323
2019-11-22,CHF,0.913803
2019-11-22,GBP,0.903138
2019-11-22,USD,1.125854
2019-11-25,CHF,0.912594
2019-11-25,GBP,0.904617
2019-11-25,USD,1.129110
2019-11-26,CHF,0.913408
2019-11-26,GBP,0.900310
2019-11-26,USD,1.128738
2019-11-27,CHF,0.913191
2019-11-27,GBP,0.898676
2019-11-27,USD,1.123597
2019-11-28,CHF,0.909664
2019-11-28,GBP,0.896195
2019-11-28,USD,1.117976
2019-11-29,CHF,0.905512
2019-11-29,GBP,0.899946
2019-11-29,USD,1.117998
2019-12-02,CHF,0.905504
2019-12-02,GBP,0.901923
2019-12-02,USD,1.126110
2019-12-03,CHF,0.905530
2019-12-03,GBP,0.903387
2019-12-03,USD,1.128984
2019-12-04,CHF,0.906993
2019-12-04,GBP,0.906735
2019-12-04,USD,1.127316
2019-12-05,CHF,0.909238
2019-12-05,GBP,0.903385
2019-12-05,USD,1.127055
2019-12-06,CHF,0.911367
2019-12-06,GBP,0.907212
2019-12-06,USD,1.124229
2019-12-09,CHF,0.911742
2019-12-09,GBP,0.906825
2019-12-09,USD,1.128751
2019-12-10,CHF,0.912384
2019-12-10,GBP,0.902888
2019-12-10,USD,1.127432
2019-12-11,CHF,0.912227
2019-12-11,GBP,0.900267
2019-12-11,USD,1.126963
2019-12-12,CHF,0.910211
2019-12-12,GBP,0.903511
2019-12-12,USD,1.125836
2019-12-13,CHF,0.907980
2019-12-13,GBP,0.902477
2019-12-13,USD,1.124965
2019-12-16,CHF,0.906809
2019-12-16,GBP,0.902229
2019-12-16,USD,1.121611
2019-12-17,CHF,0.904375
2019-12-17,GBP,0.898307
2019-12-17,USD,1.119671
2019-12-18,CHF,0.899743
2019-12-18,GBP,0.898610
2019-12-18,USD,1.120663
2019-12-19,CHF,0.901729
2019-12-19,GBP,0.902072
2019-12-19,USD,1.117715
2019-12-20,CHF,0.903296
2019-12-20,GBP,0.900173
2019-12-20,USD,1.121841
2019-12-23,CHF,0.902223
2019-12-23,GBP,0.902560
2019-12-23,USD,1.131258
2019-12-24,CHF,0.902604
2019-12-24,GBP,0.904261
2019-12-24,USD,1.132635
2019-12-25,CHF,0.901834
2019-12-25,GBP,0.899387
2019-12-25,USD,1.135795
2019-12-26,CHF,0.906484
2019-12-26,GBP,0.896321
2019-12-26,USD,1.132775
2019-12-27,CHF,0.906051
2019-12-27,GBP,0.896808
2019-12-27,USD,1.123738
2019-12-30,CHF,0.907396
2019-12-30,GBP,0.897876
2019-12-30,USD,1.125295
2019-12-31,CHF,0.904829
2019-12-31,GBP,0.897393
2019-12-31,USD,1.125720
2020-01-01,CHF,0.904455
2020-01-01,GBP,0.895431
2020-01-01,USD,1.130495
2020-01-02,CHF,0.905179
2020-01-02,GBP,0.897345
2020-01-02,USD,1.134773
2020-01-03,CHF,0.901114
2020-01-03,GBP,0.900815
2020-01-03,USD,1.135319
2020-01-06,CHF,0.903052
2020-01-06,GBP,0.897422
2020-01-06,USD,1.139808
2020-01-07,CHF,0.902213
2020-01-07,GBP,0.895894
2020-01-07,USD,1.137828
2020-01-08,CHF,0.906932
2020-01-08,GBP,0.899679
2020-01-08,USD,1.133498
2020-01-09,CHF,0.911654
2020-01-09,GBP,0.905333
2020-01-09,USD,1.131989
2020-01-10,CHF,0.910661
2020-01-10,GBP,0.907349
2020-01-10,USD,1.128138
2020-01-13,CHF,0.909388
2020-01-13,GBP,0.906528
2020-01-13,USD,1.131893
2020-01-14,CHF,0.911939
2020-01-14,GBP,0.907159
2020-01-14,USD,1.130105
2020-01-15,CHF,0.910858
2020-01-15,GBP,0.908681
2020-01-15,USD,1.130732
2020-01-16,CHF,0.909999
2020-01-16,GBP,0.908653
2020-01-16,USD,1.127435
2020-01-17,CHF,0.910028
2020-01-17,GBP,0.909764
2020-01-17,USD,1.129925
2020-01-20,CHF,0.913217
2020-01-20,GBP,0.909056
2020-01-20,USD,1.127974
2020-01-21,CHF,0.912837
2020-01-21,GBP,0.912595
2020-01-21,USD,1.123552
2020-01-22,CHF,0.913596
2020-01-22,GBP,0.911937
2020-01-22,USD,1.139067
2020-01-23,CHF,0.918099
2020-01-23,GBP,0.913101
2020-01-23,USD,1.142439
2020-01-24,CHF,0.919395
2020-01-24,GBP,0.922104
2020-01-24,USD,1.141897
2020-01-27,CHF,0.920819
2020-01-27,GBP,0.916430
2020-01-27,USD,1.146877
2020-01-28,CHF,0.918394
2020-01-28,GBP,0.920929
2020-01-28,USD,1.149995
2020-01-29,CHF,0.917070
2020-01-29,GBP,0.921910
2020-01-29,USD,1.152014
2020-01-30,CHF,0.917671
2020-01-30,GBP,0.920497
2020-01-30,USD,1.155258
2020-01-31,CHF,0.917514
2020-01-31,GBP,0.916562
2020-01-31,USD,1.161157
2020-02-03,CHF,0.915789
2020-02-03,GBP,0.918046
2020-02-03,USD,1.163595
2020-02-04,CHF,0.917856
2020-02-04,GBP,0.921017
2020-02-04,USD,1.163351
2020-02-05,CHF,0.917316
2020-02-05,GBP,0.925919
2020-02-05,USD,1.163342
2020-02-06,CHF,0.916281
2020-02-06,GBP,0.928379
2020-02-06,USD,1.163860
2020-02-07,CHF,0.916051
2020-02-07,GBP,0.927376
2020-02-07,USD,1.163905
2020-02-10,CHF,0.918215
2020-02-10,GBP,0.930512
2020-02-10,USD,1.161162
2020-02-11,CHF,0.920575
2020-02-11,GBP,0.930695
2020-02-11,USD,1.166435
2020-02-12,CHF,0.919373
2020-02-12,GBP,0.930944
2020-02-12,USD,1.166878
2020-02-13,CHF,0.920242
2020-02-13,GBP,0.932877
2020-02-13,USD,1.173616
2020-02-14,CHF,0.920540
2020-02-14,GBP,0.932582
2020-02-14,USD,1.172021
2020-02-17,CHF,0.921806
2020-02-17,GBP,0.936654
2020-02-17,USD,1.162533
2020-02-18,CHF,0.924704
2020-02-18,GBP,0.934160
2020-02-18,USD,1.161445
2020-02-19,CHF,0.922379
2020-02-19,GBP,0.934899
2020-02-19,USD,1.160156
2020-02-20,CHF,0.921407
2020-02-20,GBP,0.934009
2020-02-20,USD,1.158717
2020-02-21,CHF,0.922787
2020-02-21,GBP,0.935883
2020-02-21,USD,1.150417
2020-02-24,CHF,0.920322
2020-02-24,GBP,0.936253
2020-02-24,USD,1.156459
2020-02-25,CHF,0.923708
2020-02-25,GBP,0.939373
2020-02-25,USD,1.151684
2020-02-26,CHF,0.923361
2020-02-26,GBP,0.938148
2020-02-26,USD,1.155694
2020-02-27,CHF,0.919728
2020-02-27,GBP,0.937184
2020-02-27,USD,1.163665
2020-02-28,CHF,0.921658
2020-02-28,GBP,0.936148
2020-02-28,USD,1.169604
2020-03-02,CHF,0.924812
2020-03-02,GBP,0.940009
2020-03-02,USD,1.163501
2020-03-03,CHF,0.922416
2020-03-03,GBP,0.939366
2020-03-03,USD,1.157878
2020-03-04,CHF,0.920661
2020-03-04,GBP,0.946748
2020-03-04,USD,1.148869
2020-03-05,CHF,0.919433
2020-03-05,GBP,0.949397
2020-03-05,USD,1.140434
2020-03-06,CHF,0.917642
2020-03-06,GBP,0.946454
2020-03-06,USD,1.152172
2020-03-09,CHF,0.919882
2020-03-09,GBP,0.947096
2020-03-09,USD,1.151508
2020-03-10,CHF,0.920257
2020-03-10,GBP,0.941910
2020-03-10,USD,1.150774
2020-03-11,CHF,0.918855
2020-03-11,GBP,0.944934
2020-03-11,USD,1.145685
2020-03-12,CHF,0.918116
2020-03-12,GBP,0.949987
2020-03-12,USD,1.146060
2020-03-13,CHF,0.915931
2020-03-13,GBP,0.940781
2020-03-13,USD,1.144385
2020-03-16,CHF,0.919238
2020-03-16,GBP,0.937441
2020-03-16,USD,1.138514
2020-03-17,CHF,0.917987
2020-03-17,GBP,0.933706
2020-03-17,USD,1.140996
2020-03-18,CHF,0.917633
2020-03-18,GBP,0.935246
2020-03-18,USD,1.136295
2020-03-19,CHF,0.917301
2020-03-19,GBP,0.940292
2020-03-19,USD,1.133760
2020-03-20,CHF,0.915430
2020-03-20,GBP,0.939514
2020-03-20,USD,1.127947
2020-03-23,CHF,0.914509
2020-03-23,GBP,0.938086
2020-03-23,USD,1.128726
2020-03-24,CHF,0.915653
2020-03-24,GBP,0.941595
2020-03-24,USD,1.134245
2020-03-25,CHF,0.914781
2020-03-25,GBP,0.940945
2020-03-25,USD,1.136248
2020-03-26,CHF,0.912999
2020-03-26,GBP,0.942807
2020-03-26,USD,1.137572
2020-03-27,CHF,0.914420
2020-03-27,GBP,0.938967
2020-03-27,USD,1.138316
2020-03-30,CHF,0.913769
2020-03-30,GBP,0.943006
2020-03-30,USD,1.141045
2020-03-31,CHF,0.915128
2020-03-31,GBP,0.944328
2020-03-31,USD,1.135858
2020-04-01,CHF,0.913508
2020-04-01,GBP,0.947170
2020-04-01,USD,1.141029
2020-04-02,CHF,0.912559
2020-04-02,GBP,0.944119
2020-04-02,USD,1.141388
2020-04-03,CHF,0.913834
2020-04-03,GBP,0.938891
2020-04-03,USD,1.153303
2020-04-06,CHF,0.914519
2020-04-06,GBP,0.936290
2020-04-06,USD,1.149681
2020-04-07,CHF,0.913100
2020-04-07,GBP,0.934787
2020-04-07,USD,1.151542
2020-04-08,CHF,0.911384
2020-04-08,GBP,0.935028
2020-04-08,USD,1.150380
2020-04-09,CHF,0.916121
2020-04-09,GBP,0.936320
2020-04-09,USD,1.163226
2020-04-10,CHF,0.916329
2020-04-10,GBP,0.930886
2020-04-10,USD,1.165615
2020-04-13,CHF,0.915713
2020-04-13,GBP,0.933120
2020-04-13,USD,1.168818
2020-04-14,CHF,0.915592
2020-04-14,GBP,0.932176
2020-04-14,USD,1.174615
2020-04-15,CHF,0.913435
2020-04-15,GBP,0.935396
2020-04-15,USD,1.174583
2020-04-16,CHF,0.912672
2020-04-16,GBP,0.941612
2020-04-16,USD,1.176912
2020-04-17,CHF,0.912122
2020-04-17,GBP,0.942559
2020-04-17,USD,1.192166
2020-04-20,CHF,0.914695
2020-04-20,GBP,0.941708
2020-04-20,USD,1.184768
2020-04-21,CHF,0.913415
2020-04-21,GBP,0.941060
2020-04-21,USD,1.187677
2020-04-22,CHF,0.912226
2020-04-22,GBP,0.943414
2020-04-22,USD,1.192248
2020-04-23,CHF,0.915288
2020-04-23,GBP,0.943489
2020-04-23,USD,1.196375
2020-04-24,CHF,0.913824
2020-04-24,GBP,0.941950
2020-04-24,USD,1.187740
2020-04-27,CHF,0.910518
2020-04-27,GBP,0.948620
2020-04-27,USD,1.188833
2020-04-28,CHF,0.909718
2020-04-28,GBP,0.942433
2020-04-28,USD,1.187019
2020-04-29,CHF,0.909254
2020-04-29,GBP,0.945706
2020-04-29,USD,1.183185
2020-04-30,CHF,0.910276
2020-04-30,GBP,0.948407
2020-04-30,USD,1.181707
2020-05-01,CHF,0.910297
2020-05-01,GBP,0.952041
2020-05-01,USD,1.188278
2020-05-04,CHF,0.909679
2020-05-04,GBP,0.947751
2020-05-04,USD,1.193304
2020-05-05,CHF,0.914588
2020-05-05,GBP,0.949298
2020-05-05,USD,1.190113
2020-05-06,CHF,0.916256
2020-05-06,GBP,0.950723
2020-05-06,USD,1.184252
2020-05-07,CHF,0.919543
2020-05-07,GBP,0.945919
2020-05-07,USD,1.172658
2020-05-08,CHF,0.920128
2020-05-08,GBP,0.942637
2020-05-08,USD,1.175966
2020-05-11,CHF,0.919303
2020-05-11,GBP,0.941483
2020-05-11,USD,1.170394
2020-05-12,CHF,0.921422
2020-05-12,GBP,0.948365
2020-05-12,USD,1.164928
2020-05-13,CHF,0.922277
2020-05-13,GBP,0.947421
2020-05-13,USD,1.158708
2020-05-14,CHF,0.917955
2020-05-14,GBP,0.948472
2020-05-14,USD,1.154953
2020-05-15,CHF,0.920062
2020-05-15,GBP,0.943241
2020-05-15,USD,1.161494
2020-05-18,CHF,0.919506
2020-05-18,GBP,0.946849
2020-05-18,USD,1.163638
2020-05-19,CHF,0.920080
2020-05-19,GBP,0.945038
2020-05-19,USD,1.166306
2020-05-20,CHF,0.921103
2020-05-20,GBP,0.949748
2020-05-20,USD,1.170578
2020-05-21,CHF,0.923501
2020-05-21,GBP,0.946689
2020-05-21,USD,1.165284
2020-05-22,CHF,0.921292
2020-05-22,GBP,0.947157
2020-05-22,USD,1.175860
2020-05-25,CHF,0.922374
2020-05-25,GBP,0.946947
2020-05-25,USD,1.172544
2020-05-26,CHF,0.923707
2020-05-26,GBP,0.944758
2020-05-26,USD,1.173906
2020-05-27,CHF,0.925131
2020-05-27,GBP,0.945099
2020-05-27,USD,1.178481
2020-05-28,CHF,0.924910
2020-05-28,GBP,0.948505
2020-05-28,USD,1.181119
2020-05-29,CHF,0.922196
2020-05-29,GBP,0.939877
2020-05-29,USD,1.180000
2020-06-01,CHF,0.921956
2020-06-01,GBP,0.940143
2020-06-01,USD,1.177394
2020-06-02,CHF,0.920605
2020-06-02,GBP,0.943106
2020-06-02,USD,1.179398
2020-06-03,CHF,0.920483
2020-06-03,GBP,0.941158
2020-06-03,USD,1.175997
2020-06-04,CHF,0.920678
2020-06-04,GBP,0.947218
2020-06-04,USD,1.169792
2020-06-05,CHF,0.919877
2020-06-05,GBP,0.948523
2020-06-05,USD,1.170166
2020-06-08,CHF,0.921138
2020-06-08,GBP,0.943708
2020-06-08,USD,1.168019
2020-06-09,CHF,0.923307
2020-06-09,GBP,0.942252
2020-06-09,USD,1.155274
2020-06-10,CHF,0.925187
2020-06-10,GBP,0.941741
2020-06-10,USD,1.160314
2020-06-11,CHF,0.924909
2020-06-11,GBP,0.936846
2020-06-11,USD,1.159351
2020-06-12,CHF,0.922179
2020-06-12,GBP,0.935372
2020-06-12,USD,1.153447
2020-06-15,CHF,0.921734
2020-06-15,GBP,0.939018
2020-06-15,USD,1.155086
2020-06-16,CHF,0.925129
2020-06-16,GBP,0.936711
2020-06-16,USD,1.154484
2020-06-17,CHF,0.927287
2020-06-17,GBP,0.936411
2020-06-17,USD,1.147879
2020-06-18,CHF,0.928973
2020-06-18,GBP,0.935076
2020-06-18,USD,1.140716
2020-06-19,CHF,0.930635
2020-06-19,GBP,0.931211
2020-06-19,USD,1.144909
2020-06-22,CHF,0.934807
2020-06-22,GBP,0.931590
2020-06-22,USD,1.140626
2020-06-23,CHF,0.932153
2020-06-23,GBP,0.925244
2020-06-23,USD,1.138813
2020-06-24,CHF,0.931274
2020-06-24,GBP,0.929400
2020-06-24,USD,1.144119
2020-06-25,CHF,0.933106
2020-06-25,GBP,0.930331
2020-06-25,USD,1.138961
2020-06-26,CHF,0.934407
2020-06-26,GBP,0.930427
2020-06-26,USD,1.129179
2020-06-29,CHF,0.932733
2020-06-29,GBP,0.930839
2020-06-29,USD,1.129380
2020-06-30,CHF,0.930962
2020-06-30,GBP,0.927254
2020-06-30,USD,1.128869
2020-07-01,CHF,0.929915
2020-07-01,GBP,0.926430
2020-07-01,USD,1.125219
2020-07-02,CHF,0.933545
2020-07-02,GBP,0.933960
2020-07-02,USD,1.116772
2020-07-03,CHF,0.936597
2020-07-03,GBP,0.936697
2020-07-03,USD,1.120436
2020-07-06,CHF,0.939305
2020-07-06,GBP,0.933922
2020-07-06,USD,1.116765
2020-07-07,CHF,0.940446
2020-07-07,GBP,0.943068
2020-07-07,USD,1.118420
2020-07-08,CHF,0.940797
2020-07-08,GBP,0.941569
2020-07-08,USD,1.117232
2020-07-09,CHF,0.940709
2020-07-09,GBP,0.938614
2020-07-09,USD,1.120491
2020-07-10,CHF,0.941111
2020-07-10,GBP,0.935105
2020-07-10,USD,1.116765
2020-07-13,CHF,0.943756
2020-07-13,GBP,0.935445
2020-07-13,USD,1.120752
2020-07-14,CHF,0.941125
2020-07-14,GBP,0.936610
2020-07-14,USD,1.131865
2020-07-15,CHF,0.943352
2020-07-15,GBP,0.936082
2020-07-15,USD,1.134916
2020-07-16,CHF,0.943199
2020-07-16,GBP,0.932943
2020-07-16,USD,1.138911
2020-07-17,CHF,0.944945
2020-07-17,GBP,0.930562
2020-07-17,USD,1.128993
2020-07-20,CHF,0.945528
2020-07-20,GBP,0.927873
2020-07-20,USD,1.134507
2020-07-21,CHF,0.943792
2020-07-21,GBP,0.926902
2020-07-21,USD,1.139587
2020-07-22,CHF,0.942657
2020-07-22,GBP,0.923567
2020-07-22,USD,1.146268
2020-07-23,CHF,0.945079
2020-07-23,GBP,0.915394
2020-07-23,USD,1.146260
2020-07-24,CHF,0.943665
2020-07-24,GBP,0.918534
2020-07-24,USD,1.142809
2020-07-27,CHF,0.946106
2020-07-27,GBP,0.921203
2020-07-27,USD,1.135674
2020-07-28,CHF,0.946670
2020-07-28,GBP,0.920014
2020-07-28,USD,1.143773
2020-07-29,CHF,0.948044
2020-07-29,GBP,0.920717
2020-07-29,USD,1.137266
2020-07-30,CHF,0.949663
2020-07-30,GBP,0.920887
2020-07-30,USD,1.147586
2020-07-31,CHF,0.946346
2020-07-31,GBP,0.916394
2020-07-31,USD,1.154494
2020-08-03,CHF,0.946715
2020-08-03,GBP,0.916753
2020-08-03,USD,1.151579
2020-08-04,CHF,0.942484
2020-08-04,GBP,0.920605
2020-08-04,USD,1.158649
2020-08-05,CHF,0.939903
2020-08-05,GBP,0.922952
2020-08-05,USD,1.154030
2020-08-06,CHF,0.942577
2020-08-06,GBP,0.924216
2020-08-06,USD,1.143289
2020-08-07,CHF,0.940545
2020-08-07,GBP,0.922357
2020-08-07,USD,1.140683
2020-08-10,CHF,0.944103
2020-08-10,GBP,0.918872
2020-08-10,USD,1.134147
2020-08-11,CHF,0.946769
2020-08-11,GBP,0.919311
2020-08-11,USD,1.140899
2020-08-12,CHF,0.946984
2020-08-12,GBP,0.926739
2020-08-12,USD,1.144702
2020-08-13,CHF,0.945829
2020-08-13,GBP,0.924342
2020-08-13,USD,1.149405
2020-08-14,CHF,0.946425
2020-08-14,GBP,0.929245
2020-08-14,USD,1.145018
2020-08-17,CHF,0.948645
2020-08-17,GBP,0.935649
2020-08-17,USD,1.143610
2020-08-18,CHF,0.950200
2020-08-18,GBP,0.935397
2020-08-18,USD,1.146266
2020-08-19,CHF,0.951568
2020-08-19,GBP,0.934523
2020-08-19,USD,1.141952
2020-08-20,CHF,0.952689
2020-08-20,GBP,0.929537
2020-08-20,USD,1.132782
2020-08-21,CHF,0.953181
2020-08-21,GBP,0.926905
2020-08-21,USD,1.135899
2020-08-24,CHF,0.954176
2020-08-24,GBP,0.923972
2020-08-24,USD,1.131271
2020-08-25,CHF,0.950292
2020-08-25,GBP,0.924405
2020-08-25,USD,1.125001
2020-08-26,CHF,0.949376
2020-08-26,GBP,0.922491
2020-08-26,USD,1.122238
2020-08-27,CHF,0.945409
2020-08-27,GBP,0.922019
2020-08-27,USD,1.133262
2020-08-28,CHF,0.944716
2020-08-28,GBP,0.924073
2020-08-28,USD,1.139281
2020-08-31,CHF,0.941545
2020-08-31,GBP,0.923038
2020-08-31,USD,1.144624
2020-09-01,CHF,0.938345
2020-09-01,GBP,0.919142
2020-09-01,USD,1.140406
2020-09-02,CHF,0.938106
2020-09-02,GBP,0.918467
2020-09-02,USD,1.136760
2020-09-03,CHF,0.937197
2020-09-03,GBP,0.915596
2020-09-03,USD,1.137210
2020-09-04,CHF,0.937161
2020-09-04,GBP,0.913239
2020-09-04,USD,1.141608
2020-09-07,CHF,0.937228
2020-09-07,GBP,0.915502
2020-09-07,USD,1.137345
2020-09-08,CHF,0.936207
2020-09-08,GBP,0.910345
2020-09-08,USD,1.133571
2020-09-09,CHF,0.940341
2020-09-09,GBP,0.902578
2020-09-09,USD,1.131064
2020-09-10,CHF,0.941545
2020-09-10,GBP,0.900064
2020-09-10,USD,1.133055
2020-09-11,CHF,0.942819
2020-09-11,GBP,0.901967
2020-09-11,USD,1.135306
2020-09-14,CHF,0.945504
2020-09-14,GBP,0.903003
2020-09-14,USD,1.138223
2020-09-15,CHF,0.945941
2020-09-15,GBP,0.900671
2020-09-15,USD,1.139416
2020-09-16,CHF,0.946922
2020-09-16,GBP,0.897501
2020-09-16,USD,1.143841
2020-09-17,CHF,0.948489
2020-09-17,GBP,0.894496
2020-09-17,USD,1.138735
2020-09-18,CHF,0.950071
2020-09-18,GBP,0.892478
2020-09-18,USD,1.136782
2020-09-21,CHF,0.949045
2020-09-21,GBP,0.890941
2020-09-21,USD,1.131278
2020-09-22,CHF,0.948847
2020-09-22,GBP,0.891103
2020-09-22,USD,1.127684
2020-09-23,CHF,0.946727
2020-09-23,GBP,0.895626
2020-09-23,USD,1.135882
2020-09-24,CHF,0.943264
2020-09-24,GBP,0.898784
2020-09-24,USD,1.138373
2020-09-25,CHF,0.943451
2020-09-25,GBP,0.899738
2020-09-25,USD,1.132481
2020-09-28,CHF,0.945400
2020-09-28,GBP,0.898092
2020-09-28,USD,1.133804
2020-09-29,CHF,0.946622
2020-09-29,GBP,0.897640
2020-09-29,USD,1.141421
2020-09-30,CHF,0.946903
2020-09-30,GBP,0.898803
2020-09-30,USD,1.155273
2020-10-01,CHF,0.948481
2020-10-01,GBP,0.902427
2020-10-01,USD,1.158627
2020-10-02,CHF,0.946762
2020-10-02,GBP,0.904920
2020-10-02,USD,1.167189
2020-10-05,CHF,0.947451
2020-10-05,GBP,0.907051
2020-10-05,USD,1.167789
2020-10-06,CHF,0.944737
2020-10-06,GBP,0.909716
2020-10-06,USD,1.167168
2020-10-07,CHF,0.946142
2020-10-07,GBP,0.912222
2020-10-07,USD,1.172762
2020-10-08,CHF,0.947233
2020-10-08,GBP,0.914408
2020-10-08,USD,1.174603
2020-10-09,CHF,0.947688
2020-10-09,GBP,0.915716
2020-10-09,USD,1.184957
2020-10-12,CHF,0.951303
2020-10-12,GBP,0.912044
2020-10-12,USD,1.194042
2020-10-13,CHF,0.949478
2020-10-13,GBP,0.915048
2020-10-13,USD,1.197887
2020-10-14,CHF,0.953539
2020-10-14,GBP,0.920788
2020-10-14,USD,1.198551
2020-10-15,CHF,0.954048
2020-10-15,GBP,0.918996
2020-10-15,USD,1.210457
2020-10-16,CHF,0.953791
2020-10-16,GBP,0.921100
2020-10-16,USD,1.207250
2020-10-19,CHF,0.954327
2020-10-19,GBP,0.918126
2020-10-19,USD,1.200883
2020-10-20,CHF,0.952609
2020-10-20,GBP,0.912984
2020-10-20,USD,1.191395
2020-10-21,CHF,0.950799
2020-10-21,GBP,0.912242
2020-10-21,USD,1.183601
2020-10-22,CHF,0.953839
2020-10-22,GBP,0.909167
2020-10-22,USD,1.182165
2020-10-23,CHF,0.951357
2020-10-23,GBP,0.906466
2020-10-23,USD,1.192761
2020-10-26,CHF,0.952523
2020-10-26,GBP,0.904039
2020-10-26,USD,1.188845
2020-10-27,CHF,0.948585
2020-10-27,GBP,0.906371
2020-10-27,USD,1.193729
2020-10-28,CHF,0.946898
2020-10-28,GBP,0.909841
2020-10-28,USD,1.185920
2020-10-29,CHF,0.948837
2020-10-29,GBP,0.910965
2020-10-29,USD,1.185338
2020-10-30,CHF,0.948159
2020-10-30,GBP,0.908430
2020-10-30,USD,1.189867
2020-11-02,CHF,0.945335
2020-11-02,GBP,0.907847
2020-11-02,USD,1.185703
2020-11-03,CHF,0.945363
2020-11-03,GBP,0.910923
2020-11-03,USD,1.189200
2020-11-04,CHF,0.945009
2020-11-04,GBP,0.910495
2020-11-04,USD,1.195175
2020-11-05,CHF,0.947501
2020-11-05,GBP,0.907728
2020-11-05,USD,1.191962
2020-11-06,CHF,0.949931
2020-11-06,GBP,0.908807
2020-11-06,USD,1.192629
2020-11-09,CHF,0.951521
2020-11-09,GBP,0.907552
2020-11-09,USD,1.201006
2020-11-10,CHF,0.954903
2020-11-10,GBP,0.903140
2020-11-10,USD,1.205503
2020-11-11,CHF,0.954029
2020-11-11,GBP,0.901610
2020-11-11,USD,1.210464
2020-11-12,CHF,0.953736
2020-11-12,GBP,0.902397
2020-11-12,USD,1.209171
2020-11-13,CHF,0.953629
2020-11-13,GBP,0.900833
2020-11-13,USD,1.204590
2020-11-16,CHF,0.951510
2020-11-16,GBP,0.900786
2020-11-16,USD,1.207754
2020-11-17,CHF,0.955382
2020-11-17,GBP,0.901692
2020-11-17,USD,1.205913
2020-11-18,CHF,0.952039
2020-11-18,GBP,0.907563
2020-11-18,USD,1.197884
2020-11-19,CHF,0.951041
2020-11-19,GBP,0.909024
2020-11-19,USD,1.200829
2020-11-20,CHF,0.951105
2020-11-20,GBP,0.907894
2020-11-20,USD,1.195578
2020-11-23,CHF,0.951725
2020-11-23,GBP,0.903294
2020-11-23,USD,1.190098
2020-11-24,CHF,0.951126
2020-11-24,GBP,0.898798
2020-11-24,USD,1.188767
2020-11-25,CHF,0.950292
2020-11-25,GBP,0.896660
2020-11-25,USD,1.192712
2020-11-26,CHF,0.950136
2020-11-26,GBP,0.894213
2020-11-26,USD,1.190988
2020-11-27,CHF,0.952854
2020-11-27,GBP,0.892116
2020-11-27,USD,1.196359
2020-11-30,CHF,0.952185
2020-11-30,GBP,0.891161
2020-11-30,USD,1.199465
2020-12-01,CHF,0.954762
2020-12-01,GBP,0.890326
2020-12-01,USD,1.190955
2020-12-02,CHF,0.954179
2020-12-02,GBP,0.890578
2020-12-02,USD,1.183861
2020-12-03,CHF,0.954213
2020-12-03,GBP,0.888504
2020-12-03,USD,1.186027
2020-12-04,CHF,0.952002
2020-12-04,GBP,0.888848
2020-12-04,USD,1.189155
2020-12-07,CHF,0.952265
2020-12-07,GBP,0.885422
2020-12-07,USD,1.192935
2020-12-08,CHF,0.954539
2020-12-08,GBP,0.882607
2020-12-08,USD,1.195635
2020-12-09,CHF,0.954884
2020-12-09,GBP,0.881661
2020-12-09,USD,1.202017
2020-12-10,CHF,0.954115
2020-12-10,GBP,0.881923
2020-12-10,USD,1.199914
2020-12-11,CHF,0.952938
2020-12-11,GBP,0.885985
2020-12-11,USD,1.199320
2020-12-14,CHF,0.953017
2020-12-14,GBP,0.883958
2020-12-14,USD,1.192738
2020-12-15,CHF,0.954608
2020-12-15,GBP,0.883075
2020-12-15,USD,1.194698
2020-12-16,CHF,0.954840
2020-12-16,GBP,0.889249
2020-12-16,USD,1.208077
2020-12-17,CHF,0.955871
2020-12-17,GBP,0.887793
2020-12-17,USD,1.203674
2020-12-18,CHF,0.953188
2020-12-18,GBP,0.893823
2020-12-18,USD,1.208926
2020-12-21,CHF,0.955003
2020-12-21,GBP,0.892664
2020-12-21,USD,1.213222
2020-12-22,CHF,0.954429
2020-12-22,GBP,0.892868
2020-12-22,USD,1.217247
2020-12-23,CHF,0.955539
2020-12-23,GBP,0.889452
2020-12-23,USD,1.209023
2020-12-24,CHF,0.955835
2020-12-24,GBP,0.882260
2020-12-24,USD,1.215346
2020-12-25,CHF,0.956573
2020-12-25,GBP,0.877168
2020-12-25,USD,1.209015
2020-12-28,CHF,0.957782
2020-12-28,GBP,0.871535
2020-12-28,USD,1.205988
2020-12-29,CHF,0.956680
2020-12-29,GBP,0.872555
2020-12-29,USD,1.201237
2020-12-30,CHF,0.958597
2020-12-30,GBP,0.881451
2020-12-30,USD,1.200157
2020-12-31,CHF,0.957824
2020-12-31,GBP,0.878982
2020-12-31,USD,1.190507
2021-01-01,CHF,0.956208
2021-01-01,GBP,0.877405
2021-01-01,USD,1.195236
2021-01-04,CHF,0.957648
2021-01-04,GBP,0.880551
2021-01-04,USD,1.192931
2021-01-05,CHF,0.961889
2021-01-05,GBP,0.877903
2021-01-05,USD,1.200750
2021-01-06,CHF,0.962805
2021-01-06,GBP,0.880047
2021-01-06,USD,1.193348
2021-01-07,CHF,0.961783
2021-01-07,GBP,0.875054
2021-01-07,USD,1.189728
2021-01-08,CHF,0.965338
2021-01-08,GBP,0.875742
2021-01-08,USD,1.185761
2021-01-11,CHF,0.968591
2021-01-11,GBP,0.878639
2021-01-11,USD,1.183303
2021-01-12,CHF,0.965436
2021-01-12,GBP,0.876417
2021-01-12,USD,1.170795
2021-01-13,CHF,0.963814
2021-01-13,GBP,0.876455
2021-01-13,USD,1.180249
2021-01-14,CHF,0.965737
2021-01-14,GBP,0.876438
2021-01-14,USD,1.181730
2021-01-15,CHF,0.968777
2021-01-15,GBP,0.878247
2021-01-15,USD,1.187591
2021-01-18,CHF,0.971887
2021-01-18,GBP,0.881475
2021-01-18,USD,1.173425
2021-01-19,CHF,0.969604
2021-01-19,GBP,0.875954
2021-01-19,USD,1.177493
2021-01-20,CHF,0.968533
2021-01-20,GBP,0.875763
2021-01-20,USD,1.178316
2021-01-21,CHF,0.966990
2021-01-21,GBP,0.875281
2021-01-21,USD,1.186482
2021-01-22,CHF,0.967786
2021-01-22,GBP,0.870848
2021-01-22,USD,1.181691
2021-01-25,CHF,0.967009
2021-01-25,GBP,0.868166
2021-01-25,USD,1.165895
2021-01-26,CHF,0.967021
2021-01-26,GBP,0.868045
2021-01-26,USD,1.163717
2021-01-27,CHF,0.964900
2021-01-27,GBP,0.870202
2021-01-27,USD,1.165601
2021-01-28,CHF,0.962122
2021-01-28,GBP,0.868658
2021-01-28,USD,1.162369
2021-01-29,CHF,0.959203
2021-01-29,GBP,0.868760
2021-01-29,USD,1.158377
2021-02-01,CHF,0.957426
2021-02-01,GBP,0.868819
2021-02-01,USD,1.159367
2021-02-02,CHF,0.954597
2021-02-02,GBP,0.866333
2021-02-02,USD,1.153909
2021-02-03,CHF,0.956439
2021-02-03,GBP,0.867902
2021-02-03,USD,1.150908
2021-02-04,CHF,0.960954
2021-02-04,GBP,0.868186
2021-02-04,USD,1.145295
2021-02-05,CHF,0.960124
2021-02-05,GBP,0.870842
2021-02-05,USD,1.146685
2021-02-08,CHF,0.960427
2021-02-08,GBP,0.870814
2021-02-08,USD,1.148243
2021-02-09,CHF,0.965102
2021-02-09,GBP,0.870620
2021-02-09,USD,1.143133
2021-02-10,CHF,0.965522
2021-02-10,GBP,0.867746
2021-02-10,USD,1.143120
2021-02-11,CHF,0.962735
2021-02-11,GBP,0.867225
2021-02-11,USD,1.145945
2021-02-12,CHF,0.964831
2021-02-12,GBP,0.871355
2021-02-12,USD,1.144732
2021-02-15,CHF,0.965909
2021-02-15,GBP,0.872855
2021-02-15,USD,1.135698
2021-02-16,CHF,0.970756
2021-02-16,GBP,0.876033
2021-02-16,USD,1.134061
2021-02-17,CHF,0.973212
2021-02-17,GBP,0.871435
2021-02-17,USD,1.128598
2021-02-18,CHF,0.975521
2021-02-18,GBP,0.870639
2021-02-18,USD,1.127626
2021-02-19,CHF,0.973166
2021-02-19,GBP,0.870936
2021-02-19,USD,1.123863
2021-02-22,CHF,0.973375
2021-02-22,GBP,0.871781
2021-02-22,USD,1.129644
2021-02-23,CHF,0.971080
2021-02-23,GBP,0.870369
2021-02-23,USD,1.130818
2021-02-24,CHF,0.976238
2021-02-24,GBP,0.863031
2021-02-24,USD,1.124544
2021-02-25,CHF,0.977449
2021-02-25,GBP,0.861815
2021-02-25,USD,1.129655
2021-02-26,CHF,0.973962
2021-02-26,GBP,0.858405
2021-02-26,USD,1.121039
2021-03-01,CHF,0.973702
2021-03-01,GBP,0.856633
2021-03-01,USD,1.125903
2021-03-02,CHF,0.975510
2021-03-02,GBP,0.859845
2021-03-02,USD,1.133909
2021-03-03,CHF,0.978676
2021-03-03,GBP,0.861372
2021-03-03,USD,1.144094
2021-03-04,CHF,0.979881
2021-03-04,GBP,0.869000
2021-03-04,USD,1.146989
2021-03-05,CHF,0.981039
2021-03-05,GBP,0.869388
2021-03-05,USD,1.147241
2021-03-08,CHF,0.976427
2021-03-08,GBP,0.862948
2021-03-08,USD,1.139774
2021-03-09,CHF,0.978910
2021-03-09,GBP,0.865280
2021-03-09,USD,1.150037
2021-03-10,CHF,0.975875
2021-03-10,GBP,0.863180
2021-03-10,USD,1.153016
2021-03-11,CHF,0.973429
2021-03-11,GBP,0.860171
2021-03-11,USD,1.150911
2021-03-12,CHF,0.974055
2021-03-12,GBP,0.862920
2021-03-12,USD,1.151468
2021-03-15,CHF,0.974993
2021-03-15,GBP,0.864455
2021-03-15,USD,1.155984
2021-03-16,CHF,0.972076
2021-03-16,GBP,0.862683
2021-03-16,USD,1.155840
2021-03-17,CHF,0.974180
2021-03-17,GBP,0.860866
2021-03-17,USD,1.159105
2021-03-18,CHF,0.976533
2021-03-18,GBP,0.864116
2021-03-18,USD,1.156678
2021-03-19,CHF,0.974818
2021-03-19,GBP,0.860381
2021-03-19,USD,1.158080
2021-03-22,CHF,0.974547
2021-03-22,GBP,0.863073
2021-03-22,USD,1.158735
2021-03-23,CHF,0.976620
2021-03-23,GBP,0.867546
2021-03-23,USD,1.157967
2021-03-24,CHF,0.974662
2021-03-24,GBP,0.864539
2021-03-24,USD,1.156544
2021-03-25,CHF,0.977074
2021-03-25,GBP,0.865313
2021-03-25,USD,1.163798
2021-03-26,CHF,0.973211
2021-03-26,GBP,0.869580
2021-03-26,USD,1.158026
2021-03-29,CHF,0.970103
2021-03-29,GBP,0.872494
2021-03-29,USD,1.160123
2021-03-30,CHF,0.971584
2021-03-30,GBP,0.875037
2021-03-30,USD,1.154632
2021-03-31,CHF,0.972517
2021-03-31,GBP,0.878516
2021-03-31,USD,1.158431
2021-04-01,CHF,0.972530
2021-04-01,GBP,0.878450
2021-04-01,USD,1.160411
2021-04-02,CHF,0.970147
2021-04-02,GBP,0.871862
2021-04-02,USD,1.153030
2021-04-05,CHF,0.969519
2021-04-05,GBP,0.868548
2021-04-05,USD,1.150774
2021-04-06,CHF,0.970950
2021-04-06,GBP,0.870737
2021-04-06,USD,1.149956
2021-04-07,CHF,0.970786
2021-04-07,GBP,0.866940
2021-04-07,USD,1.148227
2021-04-08,CHF,0.971470
2021-04-08,GBP,0.864588
2021-04-08,USD,1.146286
2021-04-09,CHF,0.973674
2021-04-09,GBP,0.863381
2021-04-09,USD,1.145367
2021-04-12,CHF,0.970269
2021-04-12,GBP,0.861147
2021-04-12,USD,1.145762
2021-04-13,CHF,0.969351
2021-04-13,GBP,0.860326
2021-04-13,USD,1.148749
2021-04-14,CHF,0.965340
2021-04-14,GBP,0.860164
2021-04-14,USD,1.156202
2021-04-15,CHF,0.964141
2021-04-15,GBP,0.863150
2021-04-15,USD,1.159154
2021-04-16,CHF,0.964207
2021-04-16,GBP,0.862180
2021-04-16,USD,1.166147
2021-04-19,CHF,0.966971
2021-04-19,GBP,0.860740
2021-04-19,USD,1.168414
2021-04-20,CHF,0.967418
2021-04-20,GBP,0.856037
2021-04-20,USD,1.175559
2021-04-21,CHF,0.968061
2021-04-21,GBP,0.852026
2021-04-21,USD,1.186259
2021-04-22,CHF,0.966943
2021-04-22,GBP,0.855992
2021-04-22,USD,1.180001
2021-04-23,CHF,0.966863
2021-04-23,GBP,0.856337
2021-04-23,USD,1.184133
2021-04-26,CHF,0.966799
2021-04-26,GBP,0.857561
2021-04-26,USD,1.183530
2021-04-27,CHF,0.967600
2021-04-27,GBP,0.861841
2021-04-27,USD,1.175512
2021-04-28,CHF,0.969669
2021-04-28,GBP,0.861021
2021-04-28,USD,1.169153
2021-04-29,CHF,0.971029
2021-04-29,GBP,0.856811
2021-04-29,USD,1.169962
2021-04-30,CHF,0.970891
2021-04-30,GBP,0.855719
2021-04-30,USD,1.172431
2021-05-03,CHF,0.971994
2021-05-03,GBP,0.858985
2021-05-03,USD,1.173406
2021-05-04,CHF,0.969446
2021-05-04,GBP,0.856986
2021-05-04,USD,1.164471
2021-05-05,CHF,0.972427
2021-05-05,GBP,0.856779
2021-05-05,USD,1.163637
2021-05-06,CHF,0.969379
2021-05-06,GBP,0.861855
2021-05-06,USD,1.164745
2021-05-07,CHF,0.968193
2021-05-07,GBP,0.865482
2021-05-07,USD,1.169487
2021-05-10,CHF,0.968337
2021-05-10,GBP,0.860265
2021-05-10,USD,1.174497
2021-05-11,CHF,0.966311
2021-05-11,GBP,0.862310
2021-05-11,USD,1.177697
2021-05-12,CHF,0.966365
2021-05-12,GBP,0.861361
2021-05-12,USD,1.186489
2021-05-13,CHF,0.969544
2021-05-13,GBP,0.863744
2021-05-13,USD,1.185481
2021-05-14,CHF,0.966115
2021-05-14,GBP,0.864031
2021-05-14,USD,1.188937
2021-05-17,CHF,0.963762
2021-05-17,GBP,0.869416
2021-05-17,USD,1.196720
2021-05-18,CHF,0.959238
2021-05-18,GBP,0.866530
2021-05-18,USD,1.194056
2021-05-19,CHF,0.962119
2021-05-19,GBP,0.869955
2021-05-19,USD,1.205880
2021-05-20,CHF,0.957284
2021-05-20,GBP,0.868527
2021-05-20,USD,1.218694
2021-05-21,CHF,0.956153
2021-05-21,GBP,0.860256
2021-05-21,USD,1.215244
2021-05-24,CHF,0.957889
2021-05-24,GBP,0.864043
2021-05-24,USD,1.206561
2021-05-25,CHF,0.957604
2021-05-25,GBP,0.865471
2021-05-25,USD,1.196729
2021-05-26,CHF,0.955537
2021-05-26,GBP,0.866177
2021-05-26,USD,1.201121
2021-05-27,CHF,0.954038
2021-05-27,GBP,0.866363
2021-05-27,USD,1.201640
2021-05-28,CHF,0.959478
2021-05-28,GBP,0.865069
2021-05-28,USD,1.199869
2021-05-31,CHF,0.958787
2021-05-31,GBP,0.861505
2021-05-31,USD,1.192035
2021-06-01,CHF,0.963232
2021-06-01,GBP,0.863113
2021-06-01,USD,1.183219
2021-06-02,CHF,0.962435
2021-06-02,GBP,0.865178
2021-06-02,USD,1.182409
2021-06-03,CHF,0.965590
2021-06-03,GBP,0.861638
2021-06-03,USD,1.182632
2021-06-04,CHF,0.965750
2021-06-04,GBP,0.860609
2021-06-04,USD,1.174134
2021-06-07,CHF,0.964269
2021-06-07,GBP,0.864187
2021-06-07,USD,1.171853
2021-06-08,CHF,0.969005
2021-06-08,GBP,0.867266
2021-06-08,USD,1.177578
2021-06-09,CHF,0.967524
2021-06-09,GBP,0.864678
2021-06-09,USD,1.179869
2021-06-10,CHF,0.971200
2021-06-10,GBP,0.866828
2021-06-10,USD,1.195767
2021-06-11,CHF,0.971753
2021-06-11,GBP,0.867200
2021-06-11,USD,1.196445
2021-06-14,CHF,0.971934
2021-06-14,GBP,0.870424
2021-06-14,USD,1.197783
2021-06-15,CHF,0.969764
2021-06-15,GBP,0.866479
2021-06-15,USD,1.190709
2021-06-16,CHF,0.968448
2021-06-16,GBP,0.868560
2021-06-16,USD,1.187347
2021-06-17,CHF,0.969861
2021-06-17,GBP,0.872221
2021-06-17,USD,1.184603
2021-06-18,CHF,0.968102
2021-06-18,GBP,0.874292
2021-06-18,USD,1.192777
2021-06-21,CHF,0.966818
2021-06-21,GBP,0.875739
2021-06-21,USD,1.194468
2021-06-22,CHF,0.966138
2021-06-22,GBP,0.875849
2021-06-22,USD,1.196078
2021-06-23,CHF,0.964030
2021-06-23,GBP,0.875713
2021-06-23,USD,1.194245
2021-06-24,CHF,0.966605
2021-06-24,GBP,0.873704
2021-06-24,USD,1.197446
2021-06-25,CHF,0.968932
2021-06-25,GBP,0.873658
2021-06-25,USD,1.193511
2021-06-28,CHF,0.966498
2021-06-28,GBP,0.869691
2021-06-28,USD,1.192602
2021-06-29,CHF,0.967210
2021-06-29,GBP,0.870738
2021-06-29,USD,1.187025
2021-06-30,CHF,0.970197
2021-06-30,GBP,0.867383
2021-06-30,USD,1.183610
2021-07-01,CHF,0.970298
2021-07-01,GBP,0.861537
2021-07-01,USD,1.187153
2021-07-02,CHF,0.971403
2021-07-02,GBP,0.858086
2021-07-02,USD,1.187964
2021-07-05,CHF,0.971378
2021-07-05,GBP,0.859590
2021-07-05,USD,1.181284
2021-07-06,CHF,0.971775
2021-07-06,GBP,0.863481
2021-07-06,USD,1.174511
2021-07-07,CHF,0.968380
2021-07-07,GBP,0.862269
2021-07-07,USD,1.177403
2021-07-08,CHF,0.973463
2021-07-08,GBP,0.858241
2021-07-08,USD,1.179061
2021-07-09,CHF,0.969963
2021-07-09,GBP,0.859703
2021-07-09,USD,1.180060
2021-07-12,CHF,0.969951
2021-07-12,GBP,0.854716
2021-07-12,USD,1.181761
2021-07-13,CHF,0.970497
2021-07-13,GBP,0.861499
2021-07-13,USD,1.179826
2021-07-14,CHF,0.972687
2021-07-14,GBP,0.864608
2021-07-14,USD,1.190366
2021-07-15,CHF,0.971947
2021-07-15,GBP,0.864721
2021-07-15,USD,1.195721
2021-07-16,CHF,0.974080
2021-07-16,GBP,0.866144
2021-07-16,USD,1.191848
2021-07-19,CHF,0.974805
2021-07-19,GBP,0.866983
2021-07-19,USD,1.197649
2021-07-20,CHF,0.976192
2021-07-20,GBP,0.868034
2021-07-20,USD,1.203968
2021-07-21,CHF,0.975348
2021-07-21,GBP,0.865958
2021-07-21,USD,1.204998
2021-07-22,CHF,0.977174
2021-07-22,GBP,0.864374
2021-07-22,USD,1.210232
2021-07-23,CHF,0.978968
2021-07-23,GBP,0.864934
2021-07-23,USD,1.216775
2021-07-26,CHF,0.978544
2021-07-26,GBP,0.865668
2021-07-26,USD,1.211479
2021-07-27,CHF,0.981280
2021-07-27,GBP,0.870712
2021-07-27,USD,1.216026
2021-07-28,CHF,0.977939
2021-07-28,GBP,0.874574
2021-07-28,USD,1.220002
2021-07-29,CHF,0.978148
2021-07-29,GBP,0.876308
2021-07-29,USD,1.215841
2021-07-30,CHF,0.978502
2021-07-30,GBP,0.880416
2021-07-30,USD,1.208008
2021-08-02,CHF,0.980093
2021-08-02,GBP,0.878362
2021-08-02,USD,1.196064
2021-08-03,CHF,0.975102
2021-08-03,GBP,0.874073
2021-08-03,USD,1.188852
2021-08-04,CHF,0.973830
2021-08-04,GBP,0.870413
2021-08-04,USD,1.189555
2021-08-05,CHF,0.976544
2021-08-05,GBP,0.870365
2021-08-05,USD,1.191614
2021-08-06,CHF,0.976356
2021-08-06,GBP,0.871200
2021-08-06,USD,1.199610
2021-08-09,CHF,0.974556
2021-08-09,GBP,0.870802
2021-08-09,USD,1.206834
2021-08-10,CHF,0.976096
2021-08-10,GBP,0.867227
2021-08-10,USD,1.208024
2021-08-11,CHF,0.976640
2021-08-11,GBP,0.864291
2021-08-11,USD,1.210593
2021-08-12,CHF,0.979310
2021-08-12,GBP,0.869901
2021-08-12,USD,1.203173
2021-08-13,CHF,0.979321
2021-08-13,GBP,0.866295
2021-08-13,USD,1.195495
2021-08-16,CHF,0.980207
2021-08-16,GBP,0.871986
2021-08-16,USD,1.206461
2021-08-17,CHF,0.981584
2021-08-17,GBP,0.867601
2021-08-17,USD,1.200611
2021-08-18,CHF,0.982607
2021-08-18,GBP,0.872465
2021-08-18,USD,1.200635
2021-08-19,CHF,0.981657
2021-08-19,GBP,0.873357
2021-08-19,USD,1.207087
2021-08-20,CHF,0.981750
2021-08-20,GBP,0.870989
2021-08-20,USD,1.201737
2021-08-23,CHF,0.981847
2021-08-23,GBP,0.869895
2021-08-23,USD,1.194637
2021-08-24,CHF,0.984900
2021-08-24,GBP,0.866818
2021-08-24,USD,1.190174
2021-08-25,CHF,0.983088
2021-08-25,GBP,0.863869
2021-08-25,USD,1.188671
2021-08-26,CHF,0.985462
2021-08-26,GBP,0.857758
2021-08-26,USD,1.184918
2021-08-27,CHF,0.985376
2021-08-27,GBP,0.861021
2021-08-27,USD,1.186688
2021-08-30,CHF,0.986796
2021-08-30,GBP,0.861507
2021-08-30,USD,1.177360
2021-08-31,CHF,0.980065
2021-08-31,GBP,0.859554
2021-08-31,USD,1.178387
2021-09-01,CHF,0.981638
2021-09-01,GBP,0.858800
2021-09-01,USD,1.186020
2021-09-02,CHF,0.982686
2021-09-02,GBP,0.856365
2021-09-02,USD,1.184942
2021-09-03,CHF,0.983459
2021-09-03,GBP,0.855428
2021-09-03,USD,1.183133
2021-09-06,CHF,0.979789
2021-09-06,GBP,0.852338
2021-09-06,USD,1.187857
2021-09-07,CHF,0.980922
2021-09-07,GBP,0.850830
2021-09-07,USD,1.194041
2021-09-08,CHF,0.978943
2021-09-08,GBP,0.855276
2021-09-08,USD,1.184022
2021-09-09,CHF,0.978882
2021-09-09,GBP,0.853210
2021-09-09,USD,1.183400
2021-09-10,CHF,0.981471
2021-09-10,GBP,0.852258
2021-09-10,USD,1.183683
2021-09-13,CHF,0.981998
2021-09-13,GBP,0.852841
2021-09-13,USD,1.173652
2021-09-14,CHF,0.982712
2021-09-14,GBP,0.845440
2021-09-14,USD,1.180165
2021-09-15,CHF,0.984879
2021-09-15,GBP,0.841593
2021-09-15,USD,1.181165
2021-09-16,CHF,0.985700
2021-09-16,GBP,0.848012
2021-09-16,USD,1.179536
2021-09-17,CHF,0.984771
2021-09-17,GBP,0.852898
2021-09-17,USD,1.177572
2021-09-20,CHF,0.986220
2021-09-20,GBP,0.857430
2021-09-20,USD,1.175598
2021-09-21,CHF,0.985681
2021-09-21,GBP,0.861027
2021-09-21,USD,1.172423
2021-09-22,CHF,0.984301
2021-09-22,GBP,0.860197
2021-09-22,USD,1.168692
2021-09-23,CHF,0.981853
2021-09-23,GBP,0.860715
2021-09-23,USD,1.160686
2021-09-24,CHF,0.982178
2021-09-24,GBP,0.867527
2021-09-24,USD,1.151348
2021-09-27,CHF,0.982345
2021-09-27,GBP,0.866248
2021-09-27,USD,1.149491
2021-09-28,CHF,0.984877
2021-09-28,GBP,0.863199
2021-09-28,USD,1.147277
2021-09-29,CHF,0.982544
2021-09-29,GBP,0.861472
2021-09-29,USD,1.150214
2021-09-30,CHF,0.985128
2021-09-30,GBP,0.866656
2021-09-30,USD,1.150021
2021-10-01,CHF,0.985421
2021-10-01,GBP,0.862996
2021-10-01,USD,1.145323
2021-10-04,CHF,0.983374
2021-10-04,GBP,0.862211
2021-10-04,USD,1.146586
2021-10-05,CHF,0.982715
2021-10-05,GBP,0.859500
2021-10-05,USD,1.145424
2021-10-06,CHF,0.983425
2021-10-06,GBP,0.859129
2021-10-06,USD,1.149359
2021-10-07,CHF,0.981547
2021-10-07,GBP,0.861256
2021-10-07,USD,1.153103
2021-10-08,CHF,0.979952
2021-10-08,GBP,0.863050
2021-10-08,USD,1.151869
2021-10-11,CHF,0.977963
2021-10-11,GBP,0.859075
2021-10-11,USD,1.149927
2021-10-12,CHF,0.982163
2021-10-12,GBP,0.863465
2021-10-12,USD,1.155523
2021-10-13,CHF,0.984486
2021-10-13,GBP,0.863083
2021-10-13,USD,1.155865
2021-10-14,CHF,0.979664
2021-10-14,GBP,0.868529
2021-10-14,USD,1.156183
2021-10-15,CHF,0.976717
2021-10-15,GBP,0.869180
2021-10-15,USD,1.156589
2021-10-18,CHF,0.978995
2021-10-18,GBP,0.862078
2021-10-18,USD,1.155299
2021-10-19,CHF,0.977966
2021-10-19,GBP,0.859871
2021-10-19,USD,1.155026
2021-10-20,CHF,0.975919
2021-10-20,GBP,0.859728
2021-10-20,USD,1.151491
2021-10-21,CHF,0.978816
2021-10-21,GBP,0.856850
2021-10-21,USD,1.142553
2021-10-22,CHF,0.978884
2021-10-22,GBP,0.856607
2021-10-22,USD,1.141183
2021-10-25,CHF,0.977451
2021-10-25,GBP,0.853729
2021-10-25,USD,1.142451
2021-10-26,CHF,0.977035
2021-10-26,GBP,0.853066
2021-10-26,USD,1.146058
2021-10-27,CHF,0.977880
2021-10-27,GBP,0.848776
2021-10-27,USD,1.147382
2021-10-28,CHF,0.976480
2021-10-28,GBP,0.841898
2021-10-28,USD,1.136276
2021-10-29,CHF,0.977385
2021-10-29,GBP,0.842671
2021-10-29,USD,1.139569
2021-11-01,CHF,0.981137
2021-11-01,GBP,0.842244
2021-11-01,USD,1.140128
2021-11-02,CHF,0.978678
2021-11-02,GBP,0.842133
2021-11-02,USD,1.149291
2021-11-03,CHF,0.981605
2021-11-03,GBP,0.845365
2021-11-03,USD,1.141539
2021-11-04,CHF,0.982671
2021-11-04,GBP,0.847411
2021-11-04,USD,1.133182
2021-11-05,CHF,0.983292
2021-11-05,GBP,0.845568
2021-11-05,USD,1.143097
2021-11-08,CHF,0.982239
2021-11-08,GBP,0.845556
2021-11-08,USD,1.127757
2021-11-09,CHF,0.982278
2021-11-09,GBP,0.842109
2021-11-09,USD,1.125210
2021-11-10,CHF,0.979715
2021-11-10,GBP,0.837704
2021-11-10,USD,1.135127
2021-11-11,CHF,0.980504
2021-11-11,GBP,0.840358
2021-11-11,USD,1.134164
2021-11-12,CHF,0.981687
2021-11-12,GBP,0.842443
2021-11-12,USD,1.145706
2021-11-15,CHF,0.980938
2021-11-15,GBP,0.841813
2021-11-15,USD,1.149573
2021-11-16,CHF,0.976505
2021-11-16,GBP,0.839014
2021-11-16,USD,1.154620
2021-11-17,CHF,0.974657
2021-11-17,GBP,0.836387
2021-11-17,USD,1.151264
2021-11-18,CHF,0.979674
2021-11-18,GBP,0.836957
2021-11-18,USD,1.155418
2021-11-19,CHF,0.979026
2021-11-19,GBP,0.839418
2021-11-19,USD,1.160722
2021-11-22,CHF,0.982246
2021-11-22,GBP,0.835346
2021-11-22,USD,1.159785
2021-11-23,CHF,0.983881
2021-11-23,GBP,0.836844
2021-11-23,USD,1.164584
2021-11-24,CHF,0.986404
2021-11-24,GBP,0.840825
2021-11-24,USD,1.167668
2021-11-25,CHF,0.989569
2021-11-25,GBP,0.842627
2021-11-25,USD,1.155576
2021-11-26,CHF,0.987135
2021-11-26,GBP,0.840103
2021-11-26,USD,1.147413
2021-11-29,CHF,0.987361
2021-11-29,GBP,0.840914
2021-11-29,USD,1.149220
2021-11-30,CHF,0.985215
2021-11-30,GBP,0.839854
2021-11-30,USD,1.154285
2021-12-01,CHF,0.980538
2021-12-01,GBP,0.840490
2021-12-01,USD,1.162105
2021-12-02,CHF,0.982848
2021-12-02,GBP,0.840567
2021-12-02,USD,1.162209
2021-12-03,CHF,0.986225
2021-12-03,GBP,0.840289
2021-12-03,USD,1.166044
2021-12-06,CHF,0.991163
2021-12-06,GBP,0.842635
2021-12-06,USD,1.179289
2021-12-07,CHF,0.993604
2021-12-07,GBP,0.842636
2021-12-07,USD,1.180973
2021-12-08,CHF,0.996507
2021-12-08,GBP,0.836222
2021-12-08,USD,1.191070
2021-12-09,CHF,0.995928
2021-12-09,GBP,0.836297
2021-12-09,USD,1.186450
2021-12-10,CHF,0.994862
2021-12-10,GBP,0.838135
2021-12-10,USD,1.184596
2021-12-13,CHF,0.996371
2021-12-13,GBP,0.833165
2021-12-13,USD,1.189182
2021-12-14,CHF,0.996297
2021-12-14,GBP,0.830247
2021-12-14,USD,1.195223
2021-12-15,CHF,0.996815
2021-12-15,GBP,0.830604
2021-12-15,USD,1.191847
2021-12-16,CHF,0.997340
2021-12-16,GBP,0.832738
2021-12-16,USD,1.194787
2021-12-17,CHF,0.999101
2021-12-17,GBP,0.833301
2021-12-17,USD,1.197263
2021-12-20,CHF,0.999335
2021-12-20,GBP,0.832503
2021-12-20,USD,1.199198
2021-12-21,CHF,0.998021
2021-12-21,GBP,0.836295
2021-12-21,USD,1.203176
2021-12-22,CHF,0.999385
2021-12-22,GBP,0.837074
2021-12-22,USD,1.201894
2021-12-23,CHF,1.000099
2021-12-23,GBP,0.834851
2021-12-23,USD,1.206332
2021-12-24,CHF,0.998813
2021-12-24,GBP,0.833646
2021-12-24,USD,1.209204
2021-12-27,CHF,1.001147
2021-12-27,GBP,0.827876
2021-12-27,USD,1.207927
2021-12-28,CHF,0.997319
2021-12-28,GBP,0.821180
2021-12-28,USD,1.213613
2021-12-29,CHF,0.996189
2021-12-29,GBP,0.819011
2021-12-29,USD,1.217701
2021-12-30,CHF,0.998078
2021-12-30,GBP,0.822861
2021-12-30,USD,1.215635
2021-12-31,CHF,0.998695
2021-12-31,GBP,0.819560
2021-12-31,USD,1.215546
2022-01-03,CHF,0.998536
2022-01-03,GBP,0.818063
2022-01-03,USD,1.215868
2022-01-04,CHF,0.995522
2022-01-04,GBP,0.818049
2022-01-04,USD,1.220910
2022-01-05,CHF,0.996537
2022-01-05,GBP,0.819969
2022-01-05,USD,1.217784
2022-01-06,CHF,0.994605
2022-01-06,GBP,0.820677
2022-01-06,USD,1.221376
2022-01-07,CHF,0.995324
2022-01-07,GBP,0.820575
2022-01-07,USD,1.227737
2022-01-10,CHF,0.993036
2022-01-10,GBP,0.814911
2022-01-10,USD,1.231189
2022-01-11,CHF,0.993130
2022-01-11,GBP,0.811887
2022-01-11,USD,1.238366
2022-01-12,CHF,0.993927
2022-01-12,GBP,0.812612
2022-01-12,USD,1.235739
2022-01-13,CHF,0.995763
2022-01-13,GBP,0.812600
2022-01-13,USD,1.236304
2022-01-14,CHF,0.994205
2022-01-14,GBP,0.816416
2022-01-14,USD,1.233590
2022-01-17,CHF,0.996328
2022-01-17,GBP,0.819081
2022-01-17,USD,1.232739
2022-01-18,CHF,0.994805
2022-01-18,GBP,0.822796
2022-01-18,USD,1.236038
2022-01-19,CHF,0.993189
2022-01-19,GBP,0.822013
2022-01-19,USD,1.224124
2022-01-20,CHF,0.994964
2022-01-20,GBP,0.819720
2022-01-20,USD,1.231569
2022-01-21,CHF,0.994781
2022-01-21,GBP,0.815752
2022-01-21,USD,1.230390
2022-01-24,CHF,0.995783
2022-01-24,GBP,0.815440
2022-01-24,USD,1.234990
2022-01-25,CHF,0.994848
2022-01-25,GBP,0.813636
2022-01-25,USD,1.242043
2022-01-26,CHF,0.994452
2022-01-26,GBP,0.816076
2022-01-26,USD,1.240698
2022-01-27,CHF,0.993589
2022-01-27,GBP,0.812861
2022-01-27,USD,1.244080
2022-01-28,CHF,0.994316
2022-01-28,GBP,0.814121
2022-01-28,USD,1.238216
2022-01-31,CHF,1.000195
2022-01-31,GBP,0.813898
2022-01-31,USD,1.237682
2022-02-01,CHF,1.003436
2022-02-01,GBP,0.814694
2022-02-01,USD,1.248802
2022-02-02,CHF,1.004673
2022-02-02,GBP,0.812623
2022-02-02,USD,1.256374
2022-02-03,CHF,1.005062
2022-02-03,GBP,0.812493
2022-02-03,USD,1.257279
2022-02-04,CHF,1.003208
2022-02-04,GBP,0.812351
2022-02-04,USD,1.261462
2022-02-07,CHF,1.004397
2022-02-07,GBP,0.817898
2022-02-07,USD,1.259407
2022-02-08,CHF,1.001868
2022-02-08,GBP,0.814482
2022-02-08,USD,1.255703
2022-02-09,CHF,1.003465
2022-02-09,GBP,0.811058
2022-02-09,USD,1.255149
2022-02-10,CHF,1.005725
2022-02-10,GBP,0.809107
2022-02-10,USD,1.249051
2022-02-11,CHF,1.003862
2022-02-11,GBP,0.807854
2022-02-11,USD,1.245832
2022-02-14,CHF,1.003560
2022-02-14,GBP,0.812486
2022-02-14,USD,1.251487
2022-02-15,CHF,1.005659
2022-02-15,GBP,0.810930
2022-02-15,USD,1.254905
2022-02-16,CHF,1.006645
2022-02-16,GBP,0.807861
2022-02-16,USD,1.257838
2022-02-17,CHF,1.007924
2022-02-17,GBP,0.804518
2022-02-17,USD,1.257475
2022-02-18,CHF,1.007953
2022-02-18,GBP,0.809750
2022-02-18,USD,1.254767
2022-02-21,CHF,1.009761
2022-02-21,GBP,0.813352
2022-02-21,USD,1.257263
2022-02-22,CHF,1.006519
2022-02-22,GBP,0.814707
2022-02-22,USD,1.253272
2022-02-23,CHF,1.004109
2022-02-23,GBP,0.809455
2022-02-23,USD,1.260962
2022-02-24,CHF,1.003069
2022-02-24,GBP,0.810099
2022-02-24,USD,1.270276
2022-02-25,CHF,1.005322
2022-02-25,GBP,0.807846
2022-02-25,USD,1.270649
2022-02-28,CHF,1.005505
2022-02-28,GBP,0.808555
2022-02-28,USD,1.273049
2022-03-01,CHF,1.005244
2022-03-01,GBP,0.807116
2022-03-01,USD,1.268788
2022-03-02,CHF,1.003454
2022-03-02,GBP,0.809811
2022-03-02,USD,1.259664
2022-03-03,CHF,1.000704
2022-03-03,GBP,0.811468
2022-03-03,USD,1.261780
2022-03-04,CHF,0.999141
2022-03-04,GBP,0.819470
2022-03-04,USD,1.263200
2022-03-07,CHF,0.996026
2022-03-07,GBP,0.813734
2022-03-07,USD,1.259189
2022-03-08,CHF,0.998380
2022-03-08,GBP,0.809180
2022-03-08,USD,1.270010
2022-03-09,CHF,0.994960
2022-03-09,GBP,0.808737
2022-03-09,USD,1.265720
2022-03-10,CHF,0.991772
2022-03-10,GBP,0.808024
2022-03-10,USD,1.266087
2022-03-11,CHF,0.992228
2022-03-11,GBP,0.807480
2022-03-11,USD,1.266135
2022-03-14,CHF,0.992899
2022-03-14,GBP,0.807070
2022-03-14,USD,1.266416
2022-03-15,CHF,0.991802
2022-03-15,GBP,0.807869
2022-03-15,USD,1.268200
2022-03-16,CHF,0.989950
2022-03-16,GBP,0.806450
2022-03-16,USD,1.267162
2022-03-17,CHF,0.991763
2022-03-17,GBP,0.803133
2022-03-17,USD,1.270289
2022-03-18,CHF,0.995746
2022-03-18,GBP,0.798361
2022-03-18,USD,1.260545
2022-03-21,CHF,0.995918
2022-03-21,GBP,0.795055
2022-03-21,USD,1.264394
2022-03-22,CHF,0.996141
2022-03-22,GBP,0.795104
2022-03-22,USD,1.275200
2022-03-23,CHF,0.998616
2022-03-23,GBP,0.799046
2022-03-23,USD,1.277626
2022-03-24,CHF,1.001032
2022-03-24,GBP,0.791035
2022-03-24,USD,1.274009
2022-03-25,CHF,1.000644
2022-03-25,GBP,0.795798
2022-03-25,USD,1.277973
2022-03-28,CHF,1.002424
2022-03-28,GBP,0.794611
2022-03-28,USD,1.282817
2022-03-29,CHF,0.998330
2022-03-29,GBP,0.789603
2022-03-29,USD,1.284295
2022-03-30,CHF,0.998147
2022-03-30,GBP,0.789322
2022-03-30,USD,1.284836
2022-03-31,CHF,0.995107
2022-03-31,GBP,0.790357
2022-03-31,USD,1.283037
2022-04-01,CHF,0.994793
2022-04-01,GBP,0.788923
2022-04-01,USD,1.289688
2022-04-04,CHF,0.994842
2022-04-04,GBP,0.788280
2022-04-04,USD,1.292798
2022-04-05,CHF,0.995081
2022-04-05,GBP,0.788629
2022-04-05,USD,1.298986
2022-04-06,CHF,0.993584
2022-04-06,GBP,0.791518
2022-04-06,USD,1.297511
2022-04-07,CHF,0.993063
2022-04-07,GBP,0.791126
2022-04-07,USD,1.291533
2022-04-08,CHF,0.990431
2022-04-08,GBP,0.795218
2022-04-08,USD,1.293637
2022-04-11,CHF,0.988927
2022-04-11,GBP,0.795161
2022-04-11,USD,1.290293
2022-04-12,CHF,0.987920
2022-04-12,GBP,0.796813
2022-04-12,USD,1.298622
2022-04-13,CHF,0.985125
2022-04-13,GBP,0.797853
2022-04-13,USD,1.292208
2022-04-14,CHF,0.985312
2022-04-14,GBP,0.801052
2022-04-14,USD,1.281775
2022-04-15,CHF,0.982497
2022-04-15,GBP,0.801212
2022-04-15,USD,1.279687
2022-04-18,CHF,0.985466
2022-04-18,GBP,0.799106
2022-04-18,USD,1.277029
2022-04-19,CHF,0.988340
2022-04-19,GBP,0.801888
2022-04-19,USD,1.275226
2022-04-20,CHF,0.988110
2022-04-20,GBP,0.807074
2022-04-20,USD,1.278806
2022-04-21,CHF,0.983263
2022-04-21,GBP,0.804634
2022-04-21,USD,1.291550
2022-04-22,CHF,0.985760
2022-04-22,GBP,0.797213
2022-04-22,USD,1.296567
2022-04-25,CHF,0.984432
2022-04-25,GBP,0.796483
2022-04-25,USD,1.308395
2022-04-26,CHF,0.987308
2022-04-26,GBP,0.795443
2022-04-26,USD,1.302963
2022-04-27,CHF,0.987397
2022-04-27,GBP,0.795202
2022-04-27,USD,1.287966
2022-04-28,CHF,0.985664
2022-04-28,GBP,0.792736
2022-04-28,USD,1.281773
2022-04-29,CHF,0.984838
2022-04-29,GBP,0.791155
2022-04-29,USD,1.289046
2022-05-02,CHF,0.983440
2022-05-02,GBP,0.794735
2022-05-02,USD,1.281005
2022-05-03,CHF,0.978825
2022-05-03,GBP,0.796879
2022-05-03,USD,1.281953
2022-05-04,CHF,0.980071
2022-05-04,GBP,0.795063
2022-05-04,USD,1.280549
2022-05-05,CHF,0.978803
2022-05-05,GBP,0.796280
2022-05-05,USD,1.281650
2022-05-06,CHF,0.977863
2022-05-06,GBP,0.793818
2022-05-06,USD,1.279587
2022-05-09,CHF,0.973818
2022-05-09,GBP,0.795227
2022-05-09,USD,1.277116
2022-05-10,CHF,0.975596
2022-05-10,GBP,0.795898
2022-05-10,USD,1.274816
2022-05-11,CHF,0.972561
2022-05-11,GBP,0.799899
2022-05-11,USD,1.279308
2022-05-12,CHF,0.976637
2022-05-12,GBP,0.804454
2022-05-12,USD,1.289151
2022-05-13,CHF,0.978766
2022-05-13,GBP,0.804743
2022-05-13,USD,1.282515
2022-05-16,CHF,0.976060
2022-05-16,GBP,0.802175
2022-05-16,USD,1.275035
2022-05-17,CHF,0.974192
2022-05-17,GBP,0.802568
2022-05-17,USD,1.274565
2022-05-18,CHF,0.975113
2022-05-18,GBP,0.803467
2022-05-18,USD,1.269910
2022-05-19,CHF,0.974516
2022-05-19,GBP,0.801955
2022-05-19,USD,1.270022
2022-05-20,CHF,0.972566
2022-05-20,GBP,0.804895
2022-05-20,USD,1.270256
2022-05-23,CHF,0.972497
2022-05-23,GBP,0.807947
2022-05-23,USD,1.265489
2022-05-24,CHF,0.970516
2022-05-24,GBP,0.806407
2022-05-24,USD,1.260372
2022-05-25,CHF,0.971266
2022-05-25,GBP,0.798443
2022-05-25,USD,1.252618
2022-05-26,CHF,0.967822
2022-05-26,GBP,0.798132
2022-05-26,USD,1.264458
2022-05-27,CHF,0.967174
2022-05-27,GBP,0.796266
2022-05-27,USD,1.261680
2022-05-30,CHF,0.967960
2022-05-30,GBP,0.804004
2022-05-30,USD,1.260609
2022-05-31,CHF,0.971090
2022-05-31,GBP,0.804610
2022-05-31,USD,1.258000
2022-06-01,CHF,0.968169
2022-06-01,GBP,0.803914
2022-06-01,USD,1.255500
2022-06-02,CHF,0.966750
2022-06-02,GBP,0.804659
2022-06-02,USD,1.267558
2022-06-03,CHF,0.965093
2022-06-03,GBP,0.805272
2022-06-03,USD,1.266449
2022-06-06,CHF,0.962891
2022-06-06,GBP,0.807523
2022-06-06,USD,1.270231
2022-06-07,CHF,0.963026
2022-06-07,GBP,0.807201
2022-06-07,USD,1.276755
2022-06-08,CHF,0.961076
2022-06-08,GBP,0.816599
2022-06-08,USD,1.277300
2022-06-09,CHF,0.962431
2022-06-09,GBP,0.815972
2022-06-09,USD,1.274021
2022-06-10,CHF,0.961953
2022-06-10,GBP,0.816022
2022-06-10,USD,1.272350
2022-06-13,CHF,0.961768
2022-06-13,GBP,0.808633
2022-06-13,USD,1.268160
2022-06-14,CHF,0.961884
2022-06-14,GBP,0.804921
2022-06-14,USD,1.274976
2022-06-15,CHF,0.965079
2022-06-15,GBP,0.802536
2022-06-15,USD,1.267203
2022-06-16,CHF,0.966456
2022-06-16,GBP,0.807208
2022-06-16,USD,1.272566
2022-06-17,CHF,0.966761
2022-06-17,GBP,0.804454
2022-06-17,USD,1.271801
2022-06-20,CHF,0.966888
2022-06-20,GBP,0.802139
2022-06-20,USD,1.275275
2022-06-21,CHF,0.969683
2022-06-21,GBP,0.803601
2022-06-21,USD,1.273929
2022-06-22,CHF,0.971554
2022-06-22,GBP,0.797799
2022-06-22,USD,1.273447
2022-06-23,CHF,0.974142
2022-06-23,GBP,0.797358
2022-06-23,USD,1.262590
2022-06-24,CHF,0.974825
2022-06-24,GBP,0.796965
2022-06-24,USD,1.266627
2022-06-27,CHF,0.972490
2022-06-27,GBP,0.795048
2022-06-27,USD,1.262292
2022-06-28,CHF,0.974742
2022-06-28,GBP,0.792868
2022-06-28,USD,1.258058
2022-06-29,CHF,0.976465
2022-06-29,GBP,0.790259
2022-06-29,USD,1.253027
2022-06-30,CHF,0.976964
2022-06-30,GBP,0.789876
2022-06-30,USD,1.246250
2022-07-01,CHF,0.979692
2022-07-01,GBP,0.792486
2022-07-01,USD,1.237083
2022-07-04,CHF,0.981459
2022-07-04,GBP,0.794782
2022-07-04,USD,1.244705
2022-07-05,CHF,0.982766
2022-07-05,GBP,0.796839
2022-07-05,USD,1.249142
2022-07-06,CHF,0.987372
2022-07-06,GBP,0.799949
2022-07-06,USD,1.253838
2022-07-07,CHF,0.987842
2022-07-07,GBP,0.795941
2022-07-07,USD,1.248444
2022-07-08,CHF,0.989199
2022-07-08,GBP,0.795242
2022-07-08,USD,1.255292
2022-07-11,CHF,0.991453
2022-07-11,GBP,0.794021
2022-07-11,USD,1.252564
2022-07-12,CHF,0.991455
2022-07-12,GBP,0.788744
2022-07-12,USD,1.259474
2022-07-13,CHF,0.991893
2022-07-13,GBP,0.791011
2022-07-13,USD,1.262665
2022-07-14,CHF,0.988544
2022-07-14,GBP,0.792106
2022-07-14,USD,1.268763
2022-07-15,CHF,0.990717
2022-07-15,GBP,0.793680
2022-07-15,USD,1.268199
2022-07-18,CHF,0.993525
2022-07-18,GBP,0.789766
2022-07-18,USD,1.271246
2022-07-19,CHF,0.993587
2022-07-19,GBP,0.791395
2022-07-19,USD,1.267304
2022-07-20,CHF,0.997158
2022-07-20,GBP,0.789605
2022-07-20,USD,1.263014
2022-07-21,CHF,0.994184
2022-07-21,GBP,0.789364
2022-07-21,USD,1.266130
2022-07-22,CHF,0.993277
2022-07-22,GBP,0.790535
2022-07-22,USD,1.267634
2022-07-25,CHF,0.992446
2022-07-25,GBP,0.792582
2022-07-25,USD,1.264998
2022-07-26,CHF,0.995676
2022-07-26,GBP,0.792957
2022-07-26,USD,1.258528
2022-07-27,CHF,0.998088
2022-07-27,GBP,0.797456
2022-07-27,USD,1.246107
2022-07-28,CHF,0.994639
2022-07-28,GBP,0.798112
2022-07-28,USD,1.238216
2022-07-29,CHF,0.994111
2022-07-29,GBP,0.792202
2022-07-29,USD,1.233274
2022-08-01,CHF,0.994439
2022-08-01,GBP,0.789247
2022-08-01,USD,1.236499
2022-08-02,CHF,0.997161
2022-08-02,GBP,0.787342
2022-08-02,USD,1.233583
2022-08-03,CHF,0.997194
2022-08-03,GBP,0.787910
2022-08-03,USD,1.234171
2022-08-04,CHF,0.996852
2022-08-04,GBP,0.788176
2022-08-04,USD,1.235621
2022-08-05,CHF,0.999811
2022-08-05,GBP,0.786409
2022-08-05,USD,1.232150
2022-08-08,CHF,1.000761
2022-08-08,GBP,0.783626
2022-08-08,USD,1.230229
2022-08-09,CHF,1.005135
2022-08-09,GBP,0.785881
2022-08-09,USD,1.222460
2022-08-10,CHF,1.006539
2022-08-10,GBP,0.787896
2022-08-10,USD,1.224271
2022-08-11,CHF,1.004483
2022-08-11,GBP,0.788463
2022-08-11,USD,1.220220
2022-08-12,CHF,1.002861
2022-08-12,GBP,0.787795
2022-08-12,USD,1.222338
2022-08-15,CHF,1.003157
2022-08-15,GBP,0.786733
2022-08-15,USD,1.215472
2022-08-16,CHF,1.000965
2022-08-16,GBP,0.792546
2022-08-16,USD,1.218327
2022-08-17,CHF,0.999577
2022-08-17,GBP,0.790302
2022-08-17,USD,1.213218
2022-08-18,CHF,0.998106
2022-08-18,GBP,0.789177
2022-08-18,USD,1.210304
2022-08-19,CHF,0.996358
2022-08-19,GBP,0.788963
2022-08-19,USD,1.204603
2022-08-22,CHF,1.000077
2022-08-22,GBP,0.789712
2022-08-22,USD,1.202748
2022-08-23,CHF,1.000289
2022-08-23,GBP,0.794436
2022-08-23,USD,1.209012
2022-08-24,CHF,1.002387
2022-08-24,GBP,0.794652
2022-08-24,USD,1.215427
2022-08-25,CHF,1.005917
2022-08-25,GBP,0.790857
2022-08-25,USD,1.226430
2022-08-26,CHF,1.008242
2022-08-26,GBP,0.790255
2022-08-26,USD,1.225988
2022-08-29,CHF,1.003048
2022-08-29,GBP,0.791822
2022-08-29,USD,1.227090
2022-08-30,CHF,1.000720
2022-08-30,GBP,0.792266
2022-08-30,USD,1.227294
2022-08-31,CHF,1.001054
2022-08-31,GBP,0.797637
2022-08-31,USD,1.226644
2022-09-01,CHF,1.000585
2022-09-01,GBP,0.796030
2022-09-01,USD,1.218964
2022-09-02,CHF,1.000017
2022-09-02,GBP,0.792611
2022-09-02,USD,1.218551
2022-09-05,CHF,0.998602
2022-09-05,GBP,0.789571
2022-09-05,USD,1.210666
2022-09-06,CHF,0.996134
2022-09-06,GBP,0.789724
2022-09-06,USD,1.218831
2022-09-07,CHF,0.997742
2022-09-07,GBP,0.792409
2022-09-07,USD,1.212649
2022-09-08,CHF,0.998000
2022-09-08,GBP,0.790293
2022-09-08,USD,1.206406
2022-09-09,CHF,0.998508
2022-09-09,GBP,0.790923
2022-09-09,USD,1.200903
2022-09-12,CHF,0.997855
2022-09-12,GBP,0.793825
2022-09-12,USD,1.197758
2022-09-13,CHF,0.999126
2022-09-13,GBP,0.793636
2022-09-13,USD,1.189643
2022-09-14,CHF,0.999862
2022-09-14,GBP,0.789646
2022-09-14,USD,1.189955
2022-09-15,CHF,1.002827
2022-09-15,GBP,0.791514
2022-09-15,USD,1.190236
2022-09-16,CHF,1.001164
2022-09-16,GBP,0.792882
2022-09-16,USD,1.183073
2022-09-19,CHF,1.000342
2022-09-19,GBP,0.793749
2022-09-19,USD,1.186260
2022-09-20,CHF,1.001440
2022-09-20,GBP,0.793091
2022-09-20,USD,1.185812
2022-09-21,CHF,0.999166
2022-09-21,GBP,0.790722
2022-09-21,USD,1.189746
2022-09-22,CHF,1.000359
2022-09-22,GBP,0.791516
2022-09-22,USD,1.186534
2022-09-23,CHF,0.999356
2022-09-23,GBP,0.792486
2022-09-23,USD,1.199658
2022-09-26,CHF,1.003798
2022-09-26,GBP,0.789832
2022-09-26,USD,1.198858
2022-09-27,CHF,1.000708
2022-09-27,GBP,0.786120
2022-09-27,USD,1.198840
2022-09-28,CHF,0.998078
2022-09-28,GBP,0.784382
2022-09-28,USD,1.202875
2022-09-29,CHF,1.000522
2022-09-29,GBP,0.785127
2022-09-29,USD,1.209071
2022-09-30,CHF,1.001276
2022-09-30,GBP,0.783810
2022-09-30,USD,1.204140
2022-10-03,CHF,0.998494
2022-10-03,GBP,0.784024
2022-10-03,USD,1.207040
2022-10-04,CHF,0.998868
2022-10-04,GBP,0.782594
2022-10-04,USD,1.209672
2022-10-05,CHF,0.998808
2022-10-05,GBP,0.782712
2022-10-05,USD,1.211933
2022-10-06,CHF,1.004840
2022-10-06,GBP,0.779969
2022-10-06,USD,1.208740
2022-10-07,CHF,1.001766
2022-10-07,GBP,0.779720
2022-10-07,USD,1.217134
2022-10-10,CHF,1.002769
2022-10-10,GBP,0.782212
2022-10-10,USD,1.210689
2022-10-11,CHF,1.001410
2022-10-11,GBP,0.782539
2022-10-11,USD,1.212614
2022-10-12,CHF,1.001426
2022-10-12,GBP,0.781706
2022-10-12,USD,1.212043
2022-10-13,CHF,1.003488
2022-10-13,GBP,0.778977
2022-10-13,USD,1.208958
2022-10-14,CHF,1.003264
2022-10-14,GBP,0.779691
2022-10-14,USD,1.215174
2022-10-17,CHF,1.005396
2022-10-17,GBP,0.780215
2022-10-17,USD,1.216039
2022-10-18,CHF,1.005978
2022-10-18,GBP,0.777537
2022-10-18,USD,1.214210
2022-10-19,CHF,1.007475
2022-10-19,GBP,0.775694
2022-10-19,USD,1.212228
2022-10-20,CHF,1.005078
2022-10-20,GBP,0.776162
2022-10-20,USD,1.210882
2022-10-21,CHF,1.001655
2022-10-21,GBP,0.778725
2022-10-21,USD,1.215770
2022-10-24,CHF,0.998717
2022-10-24,GBP,0.776788
2022-10-24,USD,1.213880
2022-10-25,CHF,0.996032
2022-10-25,GBP,0.773270
2022-10-25,USD,1.210065
2022-10-26,CHF,0.995708
2022-10-26,GBP,0.776223
2022-10-26,USD,1.213593
2022-10-27,CHF,0.994470
2022-10-27,GBP,0.778366
2022-10-27,USD,1.209468
2022-10-28,CHF,0.997039
2022-10-28,GBP,0.779757
2022-10-28,USD,1.211328
2022-10-31,CHF,0.996865
2022-10-31,GBP,0.778635
2022-10-31,USD,1.217154
2022-11-01,CHF,0.994065
2022-11-01,GBP,0.775936
2022-11-01,USD,1.223927
2022-11-02,CHF,0.994348
2022-11-02,GBP,0.772243
2022-11-02,USD,1.219772
2022-11-03,CHF,0.992815
2022-11-03,GBP,0.772542
2022-11-03,USD,1.222567
2022-11-04,CHF,0.993431
2022-11-04,GBP,0.771962
2022-11-04,USD,1.221544
2022-11-07,CHF,0.993361
2022-11-07,GBP,0.769873
2022-11-07,USD,1.216603
2022-11-08,CHF,1.000175
2022-11-08,GBP,0.771586
2022-11-08,USD,1.216895
2022-11-09,CHF,0.999857
2022-11-09,GBP,0.773459
2022-11-09,USD,1.216826
2022-11-10,CHF,1.002657
2022-11-10,GBP,0.776756
2022-11-10,USD,1.219083
2022-11-11,CHF,1.000917
2022-11-11,GBP,0.774286
2022-11-11,USD,1.228773
2022-11-14,CHF,0.996644
2022-11-14,GBP,0.774056
2022-11-14,USD,1.221545
2022-11-15,CHF,0.998193
2022-11-15,GBP,0.773478
2022-11-15,USD,1.223806
2022-11-16,CHF,1.001025
2022-11-16,GBP,0.775272
2022-11-16,USD,1.226374
2022-11-17,CHF,1.001014
2022-11-17,GBP,0.774592
2022-11-17,USD,1.217589
2022-11-18,CHF,0.997765
2022-11-18,GBP,0.775541
2022-11-18,USD,1.210939
2022-11-21,CHF,1.001095
2022-11-21,GBP,0.774446
2022-11-21,USD,1.216196
2022-11-22,CHF,0.999926
2022-11-22,GBP,0.775864
2022-11-22,USD,1.216585
2022-11-23,CHF,0.994531
2022-11-23,GBP,0.778318
2022-11-23,USD,1.214636
2022-11-24,CHF,0.991630
2022-11-24,GBP,0.776412
2022-11-24,USD,1.210982
2022-11-25,CHF,0.992710
2022-11-25,GBP,0.770331
2022-11-25,USD,1.217136
2022-11-28,CHF,0.991491
2022-11-28,GBP,0.769140
2022-11-28,USD,1.225712
2022-11-29,CHF,0.990391
2022-11-29,GBP,0.770622
2022-11-29,USD,1.227227
2022-11-30,CHF,0.990457
2022-11-30,GBP,0.774304
2022-11-30,USD,1.229656
2022-12-01,CHF,0.988637
2022-12-01,GBP,0.777193
2022-12-01,USD,1.226551
2022-12-02,CHF,0.986613
2022-12-02,GBP,0.776220
2022-12-02,USD,1.227958
2022-12-05,CHF,0.990267
2022-12-05,GBP,0.775520
2022-12-05,USD,1.222505
2022-12-06,CHF,0.990785
2022-12-06,GBP,0.778579
2022-12-06,USD,1.228472
2022-12-07,CHF,0.990975
2022-12-07,GBP,0.782022
2022-12-07,USD,1.235307
2022-12-08,CHF,0.991418
2022-12-08,GBP,0.786172
2022-12-08,USD,1.225419
2022-12-09,CHF,0.988900
2022-12-09,GBP,0.784332
2022-12-09,USD,1.226777
2022-12-12,CHF,0.990632
2022-12-12,GBP,0.789601
2022-12-12,USD,1.225909
2022-12-13,CHF,0.989831
2022-12-13,GBP,0.786158
2022-12-13,USD,1.228107
2022-12-14,CHF,0.986431
2022-12-14,GBP,0.782094
2022-12-14,USD,1.228029
2022-12-15,CHF,0.982986
2022-12-15,GBP,0.781321
2022-12-15,USD,1.221405
2022-12-16,CHF,0.982599
2022-12-16,GBP,0.785542
2022-12-16,USD,1.219591
2022-12-19,CHF,0.981986
2022-12-19,GBP,0.786562
2022-12-19,USD,1.209320
2022-12-20,CHF,0.981655
2022-12-20,GBP,0.787598
2022-12-20,USD,1.205822
2022-12-21,CHF,0.984310
2022-12-21,GBP,0.786513
2022-12-21,USD,1.203984
2022-12-22,CHF,0.983862
2022-12-22,GBP,0.786668
2022-12-22,USD,1.207373
2022-12-23,CHF,0.985073
2022-12-23,GBP,0.789778
2022-12-23,USD,1.210849
2022-12-26,CHF,0.982371
2022-12-26,GBP,0.792300
2022-12-26,USD,1.211392
2022-12-27,CHF,0.985233
2022-12-27,GBP,0.791607
2022-12-27,USD,1.210055
2022-12-28,CHF,0.988065
2022-12-28,GBP,0.793005
2022-12-28,USD,1.202630
2022-12-29,CHF,0.982493
2022-12-29,GBP,0.795666
2022-12-29,USD,1.202586
2022-12-30,CHF,0.985647
2022-12-30,GBP,0.795146
2022-12-30,USD,1.206536
2023-01-02,CHF,0.987048
2023-01-02,GBP,0.791548
2023-01-02,USD,1.204770
2023-01-03,CHF,0.986640
2023-01-03,GBP,0.790606
2023-01-03,USD,1.211460
2023-01-04,CHF,0.987503
2023-01-04,GBP,0.789146
2023-01-04,USD,1.204770
2023-01-05,CHF,0.987516
2023-01-05,GBP,0.792987
2023-01-05,USD,1.211534
2023-01-06,CHF,0.984965
2023-01-06,GBP,0.791804
2023-01-06,USD,1.203071
2023-01-09,CHF,0.987968
2023-01-09,GBP,0.791225
2023-01-09,USD,1.210243
2023-01-10,CHF,0.988152
2023-01-10,GBP,0.787655
2023-01-10,USD,1.209491
2023-01-11,CHF,0.990179
2023-01-11,GBP,0.785726
2023-01-11,USD,1.203440
2023-01-12,CHF,0.994350
2023-01-12,GBP,0.782336
2023-01-12,USD,1.199413
2023-01-13,CHF,0.993154
2023-01-13,GBP,0.777974
2023-01-13,USD,1.193585
2023-01-16,CHF,0.994056
2023-01-16,GBP,0.780370
2023-01-16,USD,1.178698
2023-01-17,CHF,0.996253
2023-01-17,GBP,0.781272
2023-01-17,USD,1.178061
2023-01-18,CHF,0.994356
2023-01-18,GBP,0.786030
2023-01-18,USD,1.179312
2023-01-19,CHF,0.995594
2023-01-19,GBP,0.788748
2023-01-19,USD,1.168214
2023-01-20,CHF,0.996369
2023-01-20,GBP,0.789085
2023-01-20,USD,1.171153
2023-01-23,CHF,0.996328
2023-01-23,GBP,0.792194
2023-01-23,USD,1.182770
2023-01-24,CHF,0.993366
2023-01-24,GBP,0.791475
2023-01-24,USD,1.173141
2023-01-25,CHF,0.991467
2023-01-25,GBP,0.788089
2023-01-25,USD,1.171851
2023-01-26,CHF,0.992955
2023-01-26,GBP,0.783286
2023-01-26,USD,1.172892
2023-01-27,CHF,0.991561
2023-01-27,GBP,0.783108
2023-01-27,USD,1.174369
2023-01-30,CHF,0.989992
2023-01-30,GBP,0.779258
2023-01-30,USD,1.186707
2023-01-31,CHF,0.988186
2023-01-31,GBP,0.780589
2023-01-31,USD,1.177887
2023-02-01,CHF,0.989754
2023-02-01,GBP,0.779257
2023-02-01,USD,1.176412
2023-02-02,CHF,0.987859
2023-02-02,GBP,0.780311
2023-02-02,USD,1.170242
2023-02-03,CHF,0.988491
2023-02-03,GBP,0.781396
2023-02-03,USD,1.165265
2023-02-06,CHF,0.988643
2023-02-06,GBP,0.784362
2023-02-06,USD,1.163310
2023-02-07,CHF,0.993210
2023-02-07,GBP,0.779748
2023-02-07,USD,1.167375
2023-02-08,CHF,0.989956
2023-02-08,GBP,0.783055
2023-02-08,USD,1.164904
2023-02-09,CHF,0.988017
2023-02-09,GBP,0.781184
2023-02-09,USD,1.168586
2023-02-10,CHF,0.988732
2023-02-10,GBP,0.777109
2023-02-10,USD,1.165645
2023-02-13,CHF,0.989779
2023-02-13,GBP,0.779838
2023-02-13,USD,1.169868
2023-02-14,CHF,0.989150
2023-02-14,GBP,0.779841
2023-02-14,USD,1.163524
2023-02-15,CHF,0.987176
2023-02-15,GBP,0.783429
2023-02-15,USD,1.159704
2023-02-16,CHF,0.985678
2023-02-16,GBP,0.781900
2023-02-16,USD,1.150484
2023-02-17,CHF,0.988622
2023-02-17,GBP,0.780784
2023-02-17,USD,1.149465
2023-02-20,CHF,0.990116
2023-02-20,GBP,0.783444
2023-02-20,USD,1.152189
2023-02-21,CHF,0.990713
2023-02-21,GBP,0.780415
2023-02-21,USD,1.158347
2023-02-22,CHF,0.995054
2023-02-22,GBP,0.780589
2023-02-22,USD,1.162487
2023-02-23,CHF,0.994496
2023-02-23,GBP,0.784775
2023-02-23,USD,1.157634
2023-02-24,CHF,0.998604
2023-02-24,GBP,0.781198
2023-02-24,USD,1.146632
2023-02-27,CHF,0.996659
2023-02-27,GBP,0.780854
2023-02-27,USD,1.141743
2023-02-28,CHF,1.000396
2023-02-28,GBP,0.782993
2023-02-28,USD,1.142057
2023-03-01,CHF,0.998149
2023-03-01,GBP,0.781431
2023-03-01,USD,1.146964
2023-03-02,CHF,0.995845
2023-03-02,GBP,0.783776
2023-03-02,USD,1.141716
2023-03-03,CHF,0.994192
2023-03-03,GBP,0.786848
2023-03-03,USD,1.148914
2023-03-06,CHF,0.993980
2023-03-06,GBP,0.784087
2023-03-06,USD,1.153133
2023-03-07,CHF,0.992741
2023-03-07,GBP,0.783652
2023-03-07,USD,1.156245
2023-03-08,CHF,0.994006
2023-03-08,GBP,0.780928
2023-03-08,USD,1.154722
2023-03-09,CHF,0.992320
2023-03-09,GBP,0.781715
2023-03-09,USD,1.156946
2023-03-10,CHF,0.994305
2023-03-10,GBP,0.781288
2023-03-10,USD,1.154092
2023-03-13,CHF,0.994940
2023-03-13,GBP,0.778513
2023-03-13,USD,1.152576
2023-03-14,CHF,0.993113
2023-03-14,GBP,0.776624
2023-03-14,USD,1.149554
2023-03-15,CHF,0.991588
2023-03-15,GBP,0.775535
2023-03-15,USD,1.148389
2023-03-16,CHF,0.988637
2023-03-16,GBP,0.772694
2023-03-16,USD,1.152174
2023-03-17,CHF,0.987071
2023-03-17,GBP,0.776769
2023-03-17,USD,1.148445
2023-03-20,CHF,0.990549
2023-03-20,GBP,0.777542
2023-03-20,USD,1.141788
2023-03-21,CHF,0.988644
2023-03-21,GBP,0.776365
2023-03-21,USD,1.143043
2023-03-22,CHF,0.989529
2023-03-22,GBP,0.774146
2023-03-22,USD,1.135500
2023-03-23,CHF,0.988293
2023-03-23,GBP,0.777464
2023-03-23,USD,1.142495
2023-03-24,CHF,0.988316
2023-03-24,GBP,0.776319
2023-03-24,USD,1.148520
2023-03-27,CHF,0.985142
2023-03-27,GBP,0.775664
2023-03-27,USD,1.146291
2023-03-28,CHF,0.979947
2023-03-28,GBP,0.776723
2023-03-28,USD,1.149292
2023-03-29,CHF,0.979581
2023-03-29,GBP,0.776418
2023-03-29,USD,1.153515
2023-03-30,CHF,0.978545
2023-03-30,GBP,0.772878
2023-03-30,USD,1.154155
2023-03-31,CHF,0.977044
2023-03-31,GBP,0.771636
2023-03-31,USD,1.160171
2023-04-03,CHF,0.971652
2023-04-03,GBP,0.774787
2023-04-03,USD,1.156203
2023-04-04,CHF,0.972415
2023-04-04,GBP,0.774583
2023-04-04,USD,1.146012
2023-04-05,CHF,0.974513
2023-04-05,GBP,0.771190
2023-04-05,USD,1.142846
2023-04-06,CHF,0.976356
2023-04-06,GBP,0.770732
2023-04-06,USD,1.142019
2023-04-07,CHF,0.974107
2023-04-07,GBP,0.775020
2023-04-07,USD,1.137995
2023-04-10,CHF,0.975060
2023-04-10,GBP,0.778234
2023-04-10,USD,1.141690
2023-04-11,CHF,0.978795
2023-04-11,GBP,0.778813
2023-04-11,USD,1.141722
2023-04-12,CHF,0.978950
2023-04-12,GBP,0.783865
2023-04-12,USD,1.139821
2023-04-13,CHF,0.981632
2023-04-13,GBP,0.786527
2023-04-13,USD,1.141558
2023-04-14,CHF,0.983424
2023-04-14,GBP,0.780183
2023-04-14,USD,1.144812
2023-04-17,CHF,0.982073
2023-04-17,GBP,0.779330
2023-04-17,USD,1.144948
2023-04-18,CHF,0.979880
2023-04-18,GBP,0.778950
2023-04-18,USD,1.137051
2023-04-19,CHF,0.979272
2023-04-19,GBP,0.780647
2023-04-19,USD,1.133465
2023-04-20,CHF,0.975604
2023-04-20,GBP,0.778974
2023-04-20,USD,1.130019
2023-04-21,CHF,0.980908
2023-04-21,GBP,0.780685
2023-04-21,USD,1.131158
2023-04-24,CHF,0.979958
2023-04-24,GBP,0.786005
2023-04-24,USD,1.130892
2023-04-25,CHF,0.981246
2023-04-25,GBP,0.787623
2023-04-25,USD,1.138028
2023-04-26,CHF,0.982167
2023-04-26,GBP,0.787379
2023-04-26,USD,1.137508
2023-04-27,CHF,0.980688
2023-04-27,GBP,0.787654
2023-04-27,USD,1.141946
2023-04-28,CHF,0.981642
2023-04-28,GBP,0.786850
2023-04-28,USD,1.137453
2023-05-01,CHF,0.983189
2023-05-01,GBP,0.787948
2023-05-01,USD,1.133900
2023-05-02,CHF,0.981810
2023-05-02,GBP,0.786055
2023-05-02,USD,1.137804
2023-05-03,CHF,0.981213
2023-05-03,GBP,0.784787
2023-05-03,USD,1.135020
2023-05-04,CHF,0.976262
2023-05-04,GBP,0.785021
2023-05-04,USD,1.146328
2023-05-05,CHF,0.974699
2023-05-05,GBP,0.787290
2023-05-05,USD,1.145292
2023-05-08,CHF,0.971571
2023-05-08,GBP,0.784043
2023-05-08,USD,1.142084
2023-05-09,CHF,0.970988
2023-05-09,GBP,0.782643
2023-05-09,USD,1.144592
2023-05-10,CHF,0.967956
2023-05-10,GBP,0.780031
2023-05-10,USD,1.141116
2023-05-11,CHF,0.971319
2023-05-11,GBP,0.779007
2023-05-11,USD,1.143811
2023-05-12,CHF,0.972271
2023-05-12,GBP,0.777876
2023-05-12,USD,1.138648
2023-05-15,CHF,0.970881
2023-05-15,GBP,0.776139
2023-05-15,USD,1.139636
2023-05-16,CHF,0.969271
2023-05-16,GBP,0.779841
2023-05-16,USD,1.130958
2023-05-17,CHF,0.968855
2023-05-17,GBP,0.777924
2023-05-17,USD,1.119499
2023-05-18,CHF,0.969644
2023-05-18,GBP,0.776400
2023-05-18,USD,1.121648
2023-05-19,CHF,0.968267
2023-05-19,GBP,0.776880
2023-05-19,USD,1.123117
2023-05-22,CHF,0.965178
2023-05-22,GBP,0.777843
2023-05-22,USD,1.125013
2023-05-23,CHF,0.964638
2023-05-23,GBP,0.780091
2023-05-23,USD,1.125304
2023-05-24,CHF,0.967087
2023-05-24,GBP,0.776387
2023-05-24,USD,1.124195
2023-05-25,CHF,0.969198
2023-05-25,GBP,0.774544
2023-05-25,USD,1.122878
2023-05-26,CHF,0.970811
2023-05-26,GBP,0.779038
2023-05-26,USD,1.122680
2023-05-29,CHF,0.969848
2023-05-29,GBP,0.782955
2023-05-29,USD,1.123787
2023-05-30,CHF,0.971843
2023-05-30,GBP,0.781905
2023-05-30,USD,1.124893
2023-05-31,CHF,0.971308
2023-05-31,GBP,0.779975
2023-05-31,USD,1.122291
2023-06-01,CHF,0.974129
2023-06-01,GBP,0.779789
2023-06-01,USD,1.129388
2023-06-02,CHF,0.973015
2023-06-02,GBP,0.780698
2023-06-02,USD,1.128463
2023-06-05,CHF,0.972812
2023-06-05,GBP,0.782689
2023-06-05,USD,1.132025
2023-06-06,CHF,0.973043
2023-06-06,GBP,0.781202
2023-06-06,USD,1.138220
2023-06-07,CHF,0.974343
2023-06-07,GBP,0.783031
2023-06-07,USD,1.131643
2023-06-08,CHF,0.973629
2023-06-08,GBP,0.778863
2023-06-08,USD,1.137078
2023-06-09,CHF,0.971614
2023-06-09,GBP,0.778879
2023-06-09,USD,1.146003
2023-06-12,CHF,0.967947
2023-06-12,GBP,0.781022
2023-06-12,USD,1.146492
2023-06-13,CHF,0.969377
2023-06-13,GBP,0.772562
2023-06-13,USD,1.137952
2023-06-14,CHF,0.969057
2023-06-14,GBP,0.773368
2023-06-14,USD,1.140680
2023-06-15,CHF,0.968923
2023-06-15,GBP,0.773124
2023-06-15,USD,1.141413
2023-06-16,CHF,0.973138
2023-06-16,GBP,0.772093
2023-06-16,USD,1.139063
2023-06-19,CHF,0.977397
2023-06-19,GBP,0.771878
2023-06-19,USD,1.133432
2023-06-20,CHF,0.977686
2023-06-20,GBP,0.773169
2023-06-20,USD,1.127869
2023-06-21,CHF,0.976362
2023-06-21,GBP,0.770671
2023-06-21,USD,1.121691
2023-06-22,CHF,0.974489
2023-06-22,GBP,0.771774
2023-06-22,USD,1.116424
2023-06-23,CHF,0.972774
2023-06-23,GBP,0.769464
2023-06-23,USD,1.111100
2023-06-26,CHF,0.974353
2023-06-26,GBP,0.771297
2023-06-26,USD,1.114797
2023-06-27,CHF,0.974985
2023-06-27,GBP,0.771463
2023-06-27,USD,1.116359
2023-06-28,CHF,0.972142
2023-06-28,GBP,0.770036
2023-06-28,USD,1.108692
2023-06-29,CHF,0.976192
2023-06-29,GBP,0.774733
2023-06-29,USD,1.112071
2023-06-30,CHF,0.979937
2023-06-30,GBP,0.775565
2023-06-30,USD,1.108023
2023-07-03,CHF,0.982881
2023-07-03,GBP,0.773141
2023-07-03,USD,1.107789
2023-07-04,CHF,0.983484
2023-07-04,GBP,0.772422
2023-07-04,USD,1.106350
2023-07-05,CHF,0.981990
2023-07-05,GBP,0.768195
2023-07-05,USD,1.105159
2023-07-06,CHF,0.983800
2023-07-06,GBP,0.768871
2023-07-06,USD,1.109081
2023-07-07,CHF,0.985614
2023-07-07,GBP,0.763158
2023-07-07,USD,1.105198
2023-07-10,CHF,0.983672
2023-07-10,GBP,0.764468
2023-07-10,USD,1.102945
2023-07-11,CHF,0.986128
2023-07-11,GBP,0.765162
2023-07-11,USD,1.103010
2023-07-12,CHF,0.986315
2023-07-12,GBP,0.764204
2023-07-12,USD,1.103858
2023-07-13,CHF,0.986883
2023-07-13,GBP,0.759379
2023-07-13,USD,1.107241
2023-07-14,CHF,0.985888
2023-07-14,GBP,0.759760
2023-07-14,USD,1.111368
2023-07-17,CHF,0.984193
2023-07-17,GBP,0.755255
2023-07-17,USD,1.112276
2023-07-18,CHF,0.983451
2023-07-18,GBP,0.754193
2023-07-18,USD,1.106501
2023-07-19,CHF,0.983960
2023-07-19,GBP,0.751118
2023-07-19,USD,1.109985
2023-07-20,CHF,0.983910
2023-07-20,GBP,0.753655
2023-07-20,USD,1.110698
2023-07-21,CHF,0.986816
2023-07-21,GBP,0.757459
2023-07-21,USD,1.109148
2023-07-24,CHF,0.990262
2023-07-24,GBP,0.754748
2023-07-24,USD,1.108750
2023-07-25,CHF,0.990603
2023-07-25,GBP,0.758018
2023-07-25,USD,1.104737
2023-07-26,CHF,0.989582
2023-07-26,GBP,0.754924
2023-07-26,USD,1.097668
2023-07-27,CHF,0.989489
2023-07-27,GBP,0.752569
2023-07-27,USD,1.099584
2023-07-28,CHF,0.988437
2023-07-28,GBP,0.755521
2023-07-28,USD,1.098998
2023-07-31,CHF,0.990556
2023-07-31,GBP,0.753576
2023-07-31,USD,1.095964
2023-08-01,CHF,0.987978
2023-08-01,GBP,0.756200
2023-08-01,USD,1.098118
2023-08-02,CHF,0.990040
2023-08-02,GBP,0.756308
2023-08-02,USD,1.099600
2023-08-03,CHF,0.988871
2023-08-03,GBP,0.752639
2023-08-03,USD,1.096241
2023-08-04,CHF,0.986561
2023-08-04,GBP,0.752529
2023-08-04,USD,1.093983
2023-08-07,CHF,0.988034
2023-08-07,GBP,0.749391
2023-08-07,USD,1.104058
2023-08-08,CHF,0.986664
2023-08-08,GBP,0.749454
2023-08-08,USD,1.105937
2023-08-09,CHF,0.987854
2023-08-09,GBP,0.746894
2023-08-09,USD,1.099444
2023-08-10,CHF,0.984270
2023-08-10,GBP,0.745032
2023-08-10,USD,1.108055
2023-08-11,CHF,0.986341
2023-08-11,GBP,0.743709
2023-08-11,USD,1.115155
2023-08-14,CHF,0.984616
2023-08-14,GBP,0.742780
2023-08-14,USD,1.111391
2023-08-15,CHF,0.988434
2023-08-15,GBP,0.741908
2023-08-15,USD,1.111718
2023-08-16,CHF,0.991280
2023-08-16,GBP,0.739033
2023-08-16,USD,1.114633
2023-08-17,CHF,0.991765
2023-08-17,GBP,0.738740
2023-08-17,USD,1.120241
2023-08-18,CHF,0.989828
2023-08-18,GBP,0.738828
2023-08-18,USD,1.120064
2023-08-21,CHF,0.991345
2023-08-21,GBP,0.739691
2023-08-21,USD,1.114403
2023-08-22,CHF,0.990184
2023-08-22,GBP,0.741866
2023-08-22,USD,1.114445
2023-08-23,CHF,0.989190
2023-08-23,GBP,0.737174
2023-08-23,USD,1.118945
2023-08-24,CHF,0.996120
2023-08-24,GBP,0.738816
2023-08-24,USD,1.122753
2023-08-25,CHF,0.999025
2023-08-25,GBP,0.736404
2023-08-25,USD,1.126109
2023-08-28,CHF,0.996350
2023-08-28,GBP,0.737373
2023-08-28,USD,1.126036
2023-08-29,CHF,0.996831
2023-08-29,GBP,0.736612
2023-08-29,USD,1.128667
2023-08-30,CHF,0.998259
2023-08-30,GBP,0.733872
2023-08-30,USD,1.137709
2023-08-31,CHF,1.002040
2023-08-31,GBP,0.736152
2023-08-31,USD,1.131797
2023-09-01,CHF,1.004807
2023-09-01,GBP,0.735302
2023-09-01,USD,1.138372
2023-09-04,CHF,0.999385
2023-09-04,GBP,0.736889
2023-09-04,USD,1.145988
2023-09-05,CHF,1.000988
2023-09-05,GBP,0.732316
2023-09-05,USD,1.150377
2023-09-06,CHF,1.000594
2023-09-06,GBP,0.736318
2023-09-06,USD,1.152623
2023-09-07,CHF,1.002109
2023-09-07,GBP,0.740371
2023-09-07,USD,1.159058
2023-09-08,CHF,1.003290
2023-09-08,GBP,0.739613
2023-09-08,USD,1.163082
2023-09-11,CHF,1.001676
2023-09-11,GBP,0.737892
2023-09-11,USD,1.159108
2023-09-12,CHF,1.002083
2023-09-12,GBP,0.736162
2023-09-12,USD,1.163406
2023-09-13,CHF,1.000848
2023-09-13,GBP,0.737044
2023-09-13,USD,1.165819
2023-09-14,CHF,1.002435
2023-09-14,GBP,0.737380
2023-09-14,USD,1.169010
2023-09-15,CHF,1.005875
2023-09-15,GBP,0.738452
2023-09-15,USD,1.170984
2023-09-18,CHF,1.005270
2023-09-18,GBP,0.737657
2023-09-18,USD,1.163150
2023-09-19,CHF,1.007851
2023-09-19,GBP,0.741378
2023-09-19,USD,1.161229
2023-09-20,CHF,1.009737
2023-09-20,GBP,0.744367
2023-09-20,USD,1.157084
2023-09-21,CHF,1.009865
2023-09-21,GBP,0.743468
2023-09-21,USD,1.155072
2023-09-22,CHF,1.006487
2023-09-22,GBP,0.746396
2023-09-22,USD,1.154311
2023-09-25,CHF,1.007756
2023-09-25,GBP,0.744384
2023-09-25,USD,1.150321
2023-09-26,CHF,1.004805
2023-09-26,GBP,0.741507
2023-09-26,USD,1.147807
2023-09-27,CHF,1.005155
2023-09-27,GBP,0.741623
2023-09-27,USD,1.152920
2023-09-28,CHF,1.001468
2023-09-28,GBP,0.738612
2023-09-28,USD,1.157250
2023-09-29,CHF,1.001840
2023-09-29,GBP,0.738002
2023-09-29,USD,1.153513
2023-10-02,CHF,0.998877
2023-10-02,GBP,0.738267
2023-10-02,USD,1.153367
2023-10-03,CHF,0.996515
2023-10-03,GBP,0.738601
2023-10-03,USD,1.147965
2023-10-04,CHF,0.998249
2023-10-04,GBP,0.742592
2023-10-04,USD,1.141711
2023-10-05,CHF,0.998276
2023-10-05,GBP,0.743940
2023-10-05,USD,1.147442
2023-10-06,CHF,0.997791
2023-10-06,GBP,0.743632
2023-10-06,USD,1.153944
2023-10-09,CHF,0.999647
2023-10-09,GBP,0.742983
2023-10-09,USD,1.154752
2023-10-10,CHF,1.001254
2023-10-10,GBP,0.743432
2023-10-10,USD,1.160820
2023-10-11,CHF,1.000069
2023-10-11,GBP,0.741200
2023-10-11,USD,1.161363
2023-10-12,CHF,0.998425
2023-10-12,GBP,0.739770
2023-10-12,USD,1.166761
2023-10-13,CHF,0.999713
2023-10-13,GBP,0.744456
2023-10-13,USD,1.167519
2023-10-16,CHF,1.002206
2023-10-16,GBP,0.743585
2023-10-16,USD,1.174284
2023-10-17,CHF,0.999845
2023-10-17,GBP,0.746739
2023-10-17,USD,1.176583
2023-10-18,CHF,1.000434
2023-10-18,GBP,0.749051
2023-10-18,USD,1.180291
2023-10-19,CHF,1.002064
2023-10-19,GBP,0.749011
2023-10-19,USD,1.181139
2023-10-20,CHF,0.999517
2023-10-20,GBP,0.748196
2023-10-20,USD,1.176222
2023-10-23,CHF,0.998686
2023-10-23,GBP,0.753383
2023-10-23,USD,1.180650
2023-10-24,CHF,1.002563
2023-10-24,GBP,0.753070
2023-10-24,USD,1.176163
2023-10-25,CHF,1.003830
2023-10-25,GBP,0.754491
2023-10-25,USD,1.180740
2023-10-26,CHF,1.004543
2023-10-26,GBP,0.750274
2023-10-26,USD,1.179801
2023-10-27,CHF,1.007431
2023-10-27,GBP,0.750574
2023-10-27,USD,1.186918
2023-10-30,CHF,1.007774
2023-10-30,GBP,0.749260
2023-10-30,USD,1.189719
2023-10-31,CHF,1.005077
2023-10-31,GBP,0.751920
2023-10-31,USD,1.190217
2023-11-01,CHF,1.003738
2023-11-01,GBP,0.752423
2023-11-01,USD,1.189897
2023-11-02,CHF,1.001619
2023-11-02,GBP,0.753692
2023-11-02,USD,1.200766
2023-11-03,CHF,1.004069
2023-11-03,GBP,0.758745
2023-11-03,USD,1.200375
2023-11-06,CHF,1.002374
2023-11-06,GBP,0.758756
2023-11-06,USD,1.203689
2023-11-07,CHF,1.002359
2023-11-07,GBP,0.754648
2023-11-07,USD,1.196626
2023-11-08,CHF,1.000022
2023-11-08,GBP,0.754270
2023-11-08,USD,1.195392
2023-11-09,CHF,1.000631
2023-11-09,GBP,0.759951
2023-11-09,USD,1.196583
2023-11-10,CHF,1.002217
2023-11-10,GBP,0.759717
2023-11-10,USD,1.201231
2023-11-13,CHF,1.002042
2023-11-13,GBP,0.760502
2023-11-13,USD,1.217346
2023-11-14,CHF,0.999658
2023-11-14,GBP,0.759689
2023-11-14,USD,1.217455
2023-11-15,CHF,0.997552
2023-11-15,GBP,0.759294
2023-11-15,USD,1.221569
2023-11-16,CHF,0.996928
2023-11-16,GBP,0.755807
2023-11-16,USD,1.219947
2023-11-17,CHF,0.996027
2023-11-17,GBP,0.756706
2023-11-17,USD,1.219905
2023-11-20,CHF,0.996991
2023-11-20,GBP,0.753732
2023-11-20,USD,1.211713
2023-11-21,CHF,0.999804
2023-11-21,GBP,0.753844
2023-11-21,USD,1.212234
2023-11-22,CHF,0.995667
2023-11-22,GBP,0.752718
2023-11-22,USD,1.213235
2023-11-23,CHF,0.995175
2023-11-23,GBP,0.753853
2023-11-23,USD,1.224996
2023-11-24,CHF,0.991396
2023-11-24,GBP,0.755057
2023-11-24,USD,1.219518
2023-11-27,CHF,0.993816
2023-11-27,GBP,0.752000
2023-11-27,USD,1.224083
2023-11-28,CHF,0.993799
2023-11-28,GBP,0.749049
2023-11-28,USD,1.225539
2023-11-29,CHF,0.990237
2023-11-29,GBP,0.750113
2023-11-29,USD,1.223539
2023-11-30,CHF,0.990734
2023-11-30,GBP,0.748587
2023-11-30,USD,1.218648
2023-12-01,CHF,0.992101
2023-12-01,GBP,0.746582
2023-12-01,USD,1.225597
2023-12-04,CHF,0.990670
2023-12-04,GBP,0.745793
2023-12-04,USD,1.223334
2023-12-05,CHF,0.988755
2023-12-05,GBP,0.742770
2023-12-05,USD,1.230552
2023-12-06,CHF,0.988597
2023-12-06,GBP,0.743866
2023-12-06,USD,1.230312
2023-12-07,CHF,0.985725
2023-12-07,GBP,0.743402
2023-12-07,USD,1.220348
2023-12-08,CHF,0.985386
2023-12-08,GBP,0.739998
2023-12-08,USD,1.216113
2023-12-11,CHF,0.986252
2023-12-11,GBP,0.739468
2023-12-11,USD,1.223537
2023-12-12,CHF,0.987418
2023-12-12,GBP,0.740889
2023-12-12,USD,1.234501
2023-12-13,CHF,0.986526
2023-12-13,GBP,0.739772
2023-12-13,USD,1.238142
2023-12-14,CHF,0.985640
2023-12-14,GBP,0.741852
2023-12-14,USD,1.240499
2023-12-15,CHF,0.985495
2023-12-15,GBP,0.748569
2023-12-15,USD,1.246566
2023-12-18,CHF,0.982306
2023-12-18,GBP,0.746108
2023-12-18,USD,1.250357
2023-12-19,CHF,0.977841
2023-12-19,GBP,0.747552
2023-12-19,USD,1.248516
2023-12-20,CHF,0.977544
2023-12-20,GBP,0.745049
2023-12-20,USD,1.256094
2023-12-21,CHF,0.976610
2023-12-21,GBP,0.746275
2023-12-21,USD,1.259926
2023-12-22,CHF,0.977502
2023-12-22,GBP,0.749257
2023-12-22,USD,1.267449
2023-12-25,CHF,0.978046
2023-12-25,GBP,0.751126
2023-12-25,USD,1.278965
2023-12-26,CHF,0.982051
2023-12-26,GBP,0.749060
2023-12-26,USD,1.278040
2023-12-27,CHF,0.982054
2023-12-27,GBP,0.747766
2023-12-27,USD,1.277575
2023-12-28,CHF,0.981022
2023-12-28,GBP,0.749470
2023-12-28,USD,1.287772
2023-12-29,CHF,0.982867
2023-12-29,GBP,0.753682
2023-12-29,USD,1.293099
2024-01-01,CHF,0.981688
2024-01-01,GBP,0.747563
2024-01-01,USD,1.288323
2024-01-02,CHF,0.978586
2024-01-02,GBP,0.748089
2024-01-02,USD,1.299747
2024-01-03,CHF,0.977981
2024-01-03,GBP,0.753025
2024-01-03,USD,1.294766
2024-01-04,CHF,0.976939
2024-01-04,GBP,0.750757
2024-01-04,USD,1.294090
2024-01-05,CHF,0.976842
2024-01-05,GBP,0.748320
2024-01-05,USD,1.287162
2024-01-08,CHF,0.978836
2024-01-08,GBP,0.749130
2024-01-08,USD,1.293373
2024-01-09,CHF,0.979220
2024-01-09,GBP,0.747267
2024-01-09,USD,1.291362
2024-01-10,CHF,0.977620
2024-01-10,GBP,0.750811
2024-01-10,USD,1.305312
2024-01-11,CHF,0.975124
2024-01-11,GBP,0.751130
2024-01-11,USD,1.305904
2024-01-12,CHF,0.977044
2024-01-12,GBP,0.755280
2024-01-12,USD,1.308083
2024-01-15,CHF,0.977306
2024-01-15,GBP,0.763965
2024-01-15,USD,1.303859
2024-01-16,CHF,0.977493
2024-01-16,GBP,0.767009
2024-01-16,USD,1.295925
2024-01-17,CHF,0.974290
2024-01-17,GBP,0.770586
2024-01-17,USD,1.290730
2024-01-18,CHF,0.978849
2024-01-18,GBP,0.769178
2024-01-18,USD,1.288440
2024-01-19,CHF,0.982242
2024-01-19,GBP,0.771546
2024-01-19,USD,1.291755
2024-01-22,CHF,0.981710
2024-01-22,GBP,0.771542
2024-01-22,USD,1.288019
2024-01-23,CHF,0.983968
2024-01-23,GBP,0.773577
2024-01-23,USD,1.283975
2024-01-24,CHF,0.985883
2024-01-24,GBP,0.776258
2024-01-24,USD,1.277515
2024-01-25,CHF,0.986114
2024-01-25,GBP,0.777928
2024-01-25,USD,1.273880
2024-01-26,CHF,0.985011
2024-01-26,GBP,0.777405
2024-01-26,USD,1.270834
2024-01-29,CHF,0.987079
2024-01-29,GBP,0.776730
2024-01-29,USD,1.267024
2024-01-30,CHF,0.986676
2024-01-30,GBP,0.777587
2024-01-30,USD,1.269358
2024-01-31,CHF,0.985800
2024-01-31,GBP,0.780693
2024-01-31,USD,1.272581
2024-02-01,CHF,0.987481
2024-02-01,GBP,0.782193
2024-02-01,USD,1.272061
2024-02-02,CHF,0.991653
2024-02-02,GBP,0.784211
2024-02-02,USD,1.265086
2024-02-05,CHF,0.995286
2024-02-05,GBP,0.786007
2024-02-05,USD,1.255311
2024-02-06,CHF,0.997411
2024-02-06,GBP,0.783385
2024-02-06,USD,1.248865
2024-02-07,CHF,0.995359
2024-02-07,GBP,0.783567
2024-02-07,USD,1.250826
2024-02-08,CHF,1.000938
2024-02-08,GBP,0.788841
2024-02-08,USD,1.261507
2024-02-09,CHF,1.001028
2024-02-09,GBP,0.794212
2024-02-09,USD,1.268195
2024-02-12,CHF,1.000921
2024-02-12,GBP,0.795884
2024-02-12,USD,1.259609
2024-02-13,CHF,0.999953
2024-02-13,GBP,0.795387
2024-02-13,USD,1.248008
2024-02-14,CHF,0.995803
2024-02-14,GBP,0.795541
2024-02-14,USD,1.238743
2024-02-15,CHF,0.996187
2024-02-15,GBP,0.799988
2024-02-15,USD,1.234086
2024-02-16,CHF,0.993603
2024-02-16,GBP,0.801385
2024-02-16,USD,1.234162
2024-02-19,CHF,0.991315
2024-02-19,GBP,0.803175
2024-02-19,USD,1.229118
2024-02-20,CHF,0.992040
2024-02-20,GBP,0.800969
2024-02-20,USD,1.234637
2024-02-21,CHF,0.995656
2024-02-21,GBP,0.801746
2024-02-21,USD,1.236922
2024-02-22,CHF,0.998183
2024-02-22,GBP,0.803453
2024-02-22,USD,1.231499
2024-02-23,CHF,1.000747
2024-02-23,GBP,0.801908
2024-02-23,USD,1.226912
2024-02-26,CHF,0.998752
2024-02-26,GBP,0.800526
2024-02-26,USD,1.230358
2024-02-27,CHF,0.996950
2024-02-27,GBP,0.802324
2024-02-27,USD,1.230097
2024-02-28,CHF,0.996026
2024-02-28,GBP,0.801545
2024-02-28,USD,1.235188
2024-02-29,CHF,0.994092
2024-02-29,GBP,0.798911
2024-02-29,USD,1.231350
2024-03-01,CHF,0.992349
2024-03-01,GBP,0.801284
2024-03-01,USD,1.224069
2024-03-04,CHF,0.993039
2024-03-04,GBP,0.798686
2024-03-04,USD,1.220968
2024-03-05,CHF,0.994193
2024-03-05,GBP,0.799565
2024-03-05,USD,1.219026
2024-03-06,CHF,0.993008
2024-03-06,GBP,0.802030
2024-03-06,USD,1.214170
2024-03-07,CHF,0.991144
2024-03-07,GBP,0.803997
2024-03-07,USD,1.225438
2024-03-08,CHF,0.989498
2024-03-08,GBP,0.808078
2024-03-08,USD,1.219233
2024-03-11,CHF,0.991634
2024-03-11,GBP,0.806042
2024-03-11,USD,1.227262
2024-03-12,CHF,0.990174
2024-03-12,GBP,0.802340
2024-03-12,USD,1.218640
2024-03-13,CHF,0.989820
2024-03-13,GBP,0.801865
2024-03-13,USD,1.217499
2024-03-14,CHF,0.988742
2024-03-14,GBP,0.804334
2024-03-14,USD,1.219603
2024-03-15,CHF,0.987041
2024-03-15,GBP,0.806278
2024-03-15,USD,1.223206
2024-03-18,CHF,0.985121
2024-03-18,GBP,0.812982
2024-03-18,USD,1.223790
2024-03-19,CHF,0.988081
2024-03-19,GBP,0.815991
2024-03-19,USD,1.217648
2024-03-20,CHF,0.987543
2024-03-20,GBP,0.814479
2024-03-20,USD,1.211956
2024-03-21,CHF,0.988784
2024-03-21,GBP,0.813179
2024-03-21,USD,1.224777
2024-03-22,CHF,0.993536
2024-03-22,GBP,0.812256
2024-03-22,USD,1.223160
2024-03-25,CHF,0.995150
2024-03-25,GBP,0.817939
2024-03-25,USD,1.228572
2024-03-26,CHF,0.996261
2024-03-26,GBP,0.823864
2024-03-26,USD,1.224145
2024-03-27,CHF,0.994451
2024-03-27,GBP,0.822465
2024-03-27,USD,1.225026
2024-03-28,CHF,0.991457
2024-03-28,GBP,0.819535
2024-03-28,USD,1.232200
2024-03-29,CHF,0.992876
2024-03-29,GBP,0.818983
2024-03-29,USD,1.233160
2024-04-01,CHF,0.992657
2024-04-01,GBP,0.821808
2024-04-01,USD,1.227980
2024-04-02,CHF,0.994207
2024-04-02,GBP,0.823831
2024-04-02,USD,1.228381
2024-04-03,CHF,0.992154
2024-04-03,GBP,0.820978
2024-04-03,USD,1.223866
2024-04-04,CHF,0.994811
2024-04-04,GBP,0.818027
2024-04-04,USD,1.222312
2024-04-05,CHF,1.000132
2024-04-05,GBP,0.814607
2024-04-05,USD,1.225816
2024-04-08,CHF,0.996096
2024-04-08,GBP,0.815696
2024-04-08,USD,1.220755
2024-04-09,CHF,0.994575
2024-04-09,GBP,0.811722
2024-04-09,USD,1.218826
2024-04-10,CHF,0.996161
2024-04-10,GBP,0.811729
2024-04-10,USD,1.223224
2024-04-11,CHF,0.995487
2024-04-11,GBP,0.814786
2024-04-11,USD,1.227927
2024-04-12,CHF,0.994538
2024-04-12,GBP,0.819806
2024-04-12,USD,1.233402
2024-04-15,CHF,0.992757
2024-04-15,GBP,0.815436
2024-04-15,USD,1.226352
2024-04-16,CHF,0.991435
2024-04-16,GBP,0.816068
2024-04-16,USD,1.227912
2024-04-17,CHF,0.991810
2024-04-17,GBP,0.816330
2024-04-17,USD,1.229396
2024-04-18,CHF,0.993470
2024-04-18,GBP,0.812618
2024-04-18,USD,1.230236
2024-04-19,CHF,0.996225
2024-04-19,GBP,0.812428
2024-04-19,USD,1.240975
2024-04-22,CHF,0.996483
2024-04-22,GBP,0.813849
2024-04-22,USD,1.232356
2024-04-23,CHF,0.991998
2024-04-23,GBP,0.812819
2024-04-23,USD,1.236798
2024-04-24,CHF,0.994462
2024-04-24,GBP,0.811436
2024-04-24,USD,1.238059
2024-04-25,CHF,0.991350
2024-04-25,GBP,0.810495
2024-04-25,USD,1.232605
2024-04-26,CHF,0.991813
2024-04-26,GBP,0.807684
2024-04-26,USD,1.220293
2024-04-29,CHF,0.990666
2024-04-29,GBP,0.809761
2024-04-29,USD,1.222914
2024-04-30,CHF,0.991445
2024-04-30,GBP,0.811692
2024-04-30,USD,1.216984
2024-05-01,CHF,0.990181
2024-05-01,GBP,0.813039
2024-05-01,USD,1.210058
2024-05-02,CHF,0.988379
2024-05-02,GBP,0.812951
2024-05-02,USD,1.224436
2024-05-03,CHF,0.989044
2024-05-03,GBP,0.811209
2024-05-03,USD,1.225502
2024-05-06,CHF,0.987279
2024-05-06,GBP,0.810081
2024-05-06,USD,1.235131
2024-05-07,CHF,0.985255
2024-05-07,GBP,0.810108
2024-05-07,USD,1.232641
2024-05-08,CHF,0.983994
2024-05-08,GBP,0.814107
2024-05-08,USD,1.233100
2024-05-09,CHF,0.985877
2024-05-09,GBP,0.815091
2024-05-09,USD,1.230087
2024-05-10,CHF,0.984052
2024-05-10,GBP,0.813268
2024-05-10,USD,1.228668
2024-05-13,CHF,0.985201
2024-05-13,GBP,0.809141
2024-05-13,USD,1.231146
2024-05-14,CHF,0.985297
2024-05-14,GBP,0.808847
2024-05-14,USD,1.234659
2024-05-15,CHF,0.981410
2024-05-15,GBP,0.808403
2024-05-15,USD,1.224343
2024-05-16,CHF,0.977869
2024-05-16,GBP,0.806874
2024-05-16,USD,1.225952
2024-05-17,CHF,0.978534
2024-05-17,GBP,0.806088
2024-05-17,USD,1.223903
2024-05-20,CHF,0.977616
2024-05-20,GBP,0.804145
2024-05-20,USD,1.218090
2024-05-21,CHF,0.979143
2024-05-21,GBP,0.802332
2024-05-21,USD,1.224764
2024-05-22,CHF,0.979521
2024-05-22,GBP,0.795567
2024-05-22,USD,1.229149
2024-05-23,CHF,0.977676
2024-05-23,GBP,0.796356
2024-05-23,USD,1.225226
2024-05-24,CHF,0.970609
2024-05-24,GBP,0.795176
2024-05-24,USD,1.223028
2024-05-27,CHF,0.972536
2024-05-27,GBP,0.793348
2024-05-27,USD,1.225999
2024-05-28,CHF,0.974797
2024-05-28,GBP,0.797057
2024-05-28,USD,1.228550
2024-05-29,CHF,0.976428
2024-05-29,GBP,0.796622
2024-05-29,USD,1.225049
2024-05-30,CHF,0.976544
2024-05-30,GBP,0.795006
2024-05-30,USD,1.213405
2024-05-31,CHF,0.972594
2024-05-31,GBP,0.792244
2024-05-31,USD,1.216524
2024-06-03,CHF,0.968833
2024-06-03,GBP,0.792237
2024-06-03,USD,1.216830
2024-06-04,CHF,0.965908
2024-06-04,GBP,0.793984
2024-06-04,USD,1.212896
2024-06-05,CHF,0.965753
2024-06-05,GBP,0.794314
2024-06-05,USD,1.215437
2024-06-06,CHF,0.964626
2024-06-06,GBP,0.791629
2024-06-06,USD,1.210693
2024-06-07,CHF,0.963603
2024-06-07,GBP,0.792419
2024-06-07,USD,1.208729
2024-06-10,CHF,0.962956
2024-06-10,GBP,0.790279
2024-06-10,USD,1.212508
2024-06-11,CHF,0.963053
2024-06-11,GBP,0.788211
2024-06-11,USD,1.213779
2024-06-12,CHF,0.963456
2024-06-12,GBP,0.791944
2024-06-12,USD,1.214637
2024-06-13,CHF,0.967677
2024-06-13,GBP,0.783890
2024-06-13,USD,1.221901
2024-06-14,CHF,0.963763
2024-06-14,GBP,0.784827
2024-06-14,USD,1.223306
2024-06-17,CHF,0.964423
2024-06-17,GBP,0.783304
2024-06-17,USD,1.217678
2024-06-18,CHF,0.961857
2024-06-18,GBP,0.782959
2024-06-18,USD,1.225643
2024-06-19,CHF,0.961413
2024-06-19,GBP,0.783482
2024-06-19,USD,1.220289
2024-06-20,CHF,0.959716
2024-06-20,GBP,0.782210
2024-06-20,USD,1.222230
2024-06-21,CHF,0.960876
2024-06-21,GBP,0.782569
2024-06-21,USD,1.217636
2024-06-24,CHF,0.962137
2024-06-24,GBP,0.786018
2024-06-24,USD,1.219935
2024-06-25,CHF,0.961868
2024-06-25,GBP,0.789068
2024-06-25,USD,1.215608
2024-06-26,CHF,0.963415
2024-06-26,GBP,0.791805
2024-06-26,USD,1.209403
2024-06-27,CHF,0.961850
2024-06-27,GBP,0.789837
2024-06-27,USD,1.213181
2024-06-28,CHF,0.958799
2024-06-28,GBP,0.794382
2024-06-28,USD,1.212332
2024-07-01,CHF,0.960343
2024-07-01,GBP,0.793653
2024-07-01,USD,1.210371
2024-07-02,CHF,0.964930
2024-07-02,GBP,0.794332
2024-07-02,USD,1.209818
2024-07-03,CHF,0.961487
2024-07-03,GBP,0.794890
2024-07-03,USD,1.197024
2024-07-04,CHF,0.959322
2024-07-04,GBP,0.793231
2024-07-04,USD,1.189581
2024-07-05,CHF,0.957556
2024-07-05,GBP,0.790936
2024-07-05,USD,1.190294
2024-07-08,CHF,0.957868
2024-07-08,GBP,0.790814
2024-07-08,USD,1.193313
2024-07-09,CHF,0.959967
2024-07-09,GBP,0.788595
2024-07-09,USD,1.198660
2024-07-10,CHF,0.958440
2024-07-10,GBP,0.788360
2024-07-10,USD,1.206675
2024-07-11,CHF,0.956361
2024-07-11,GBP,0.789531
2024-07-11,USD,1.192136
2024-07-12,CHF,0.957017
2024-07-12,GBP,0.791308
2024-07-12,USD,1.185164
2024-07-15,CHF,0.955227
2024-07-15,GBP,0.792450
2024-07-15,USD,1.187491
2024-07-16,CHF,0.954686
2024-07-16,GBP,0.790459
2024-07-16,USD,1.191834
2024-07-17,CHF,0.954544
2024-07-17,GBP,0.793738
2024-07-17,USD,1.198975
2024-07-18,CHF,0.954601
2024-07-18,GBP,0.792172
2024-07-18,USD,1.202372
2024-07-19,CHF,0.955743
2024-07-19,GBP,0.788101
2024-07-19,USD,1.202715
2024-07-22,CHF,0.954212
2024-07-22,GBP,0.791135
2024-07-22,USD,1.204527
2024-07-23,CHF,0.956564
2024-07-23,GBP,0.789926
2024-07-23,USD,1.208140
2024-07-24,CHF,0.952692
2024-07-24,GBP,0.792226
2024-07-24,USD,1.207740
2024-07-25,CHF,0.953337
2024-07-25,GBP,0.793697
2024-07-25,USD,1.203140
2024-07-26,CHF,0.953596
2024-07-26,GBP,0.797028
2024-07-26,USD,1.207986
2024-07-29,CHF,0.955850
2024-07-29,GBP,0.796626
2024-07-29,USD,1.212561
2024-07-30,CHF,0.953325
2024-07-30,GBP,0.800640
2024-07-30,USD,1.207907
2024-07-31,CHF,0.952799
2024-07-31,GBP,0.804722
2024-07-31,USD,1.196558
2024-08-01,CHF,0.952113
2024-08-01,GBP,0.808672
2024-08-01,USD,1.208430
2024-08-02,CHF,0.952837
2024-08-02,GBP,0.809459
2024-08-02,USD,1.203928
2024-08-05,CHF,0.950820
2024-08-05,GBP,0.808675
2024-08-05,USD,1.212518
2024-08-06,CHF,0.955224
2024-08-06,GBP,0.806225
2024-08-06,USD,1.213562
2024-08-07,CHF,0.955552
2024-08-07,GBP,0.806972
2024-08-07,USD,1.216598
2024-08-08,CHF,0.954055
2024-08-08,GBP,0.811851
2024-08-08,USD,1.214022
2024-08-09,CHF,0.955526
2024-08-09,GBP,0.808383
2024-08-09,USD,1.214085
2024-08-12,CHF,0.953991
2024-08-12,GBP,0.805436
2024-08-12,USD,1.210386
2024-08-13,CHF,0.952784
2024-08-13,GBP,0.804988
2024-08-13,USD,1.208535
2024-08-14,CHF,0.954466
2024-08-14,GBP,0.800792
2024-08-14,USD,1.203578
2024-08-15,CHF,0.954677
2024-08-15,GBP,0.800920
2024-08-15,USD,1.200662
2024-08-16,CHF,0.951719
2024-08-16,GBP,0.802633
2024-08-16,USD,1.194048
2024-08-19,CHF,0.953169
2024-08-19,GBP,0.800991
2024-08-19,USD,1.190314
2024-08-20,CHF,0.951264
2024-08-20,GBP,0.798543
2024-08-20,USD,1.185323
2024-08-21,CHF,0.948734
2024-08-21,GBP,0.801597
2024-08-21,USD,1.179667
2024-08-22,CHF,0.949926
2024-08-22,GBP,0.801132
2024-08-22,USD,1.184705
2024-08-23,CHF,0.948434
2024-08-23,GBP,0.799059
2024-08-23,USD,1.180163
2024-08-26,CHF,0.949287
2024-08-26,GBP,0.801857
2024-08-26,USD,1.172177
2024-08-27,CHF,0.949928
2024-08-27,GBP,0.805617
2024-08-27,USD,1.173162
2024-08-28,CHF,0.951286
2024-08-28,GBP,0.806084
2024-08-28,USD,1.172771
2024-08-29,CHF,0.947933
2024-08-29,GBP,0.810012
2024-08-29,USD,1.169922
2024-08-30,CHF,0.945454
2024-08-30,GBP,0.810640
2024-08-30,USD,1.180157
2024-09-02,CHF,0.943236
2024-09-02,GBP,0.810134
2024-09-02,USD,1.171927
2024-09-03,CHF,0.943101
2024-09-03,GBP,0.803626
2024-09-03,USD,1.167793
2024-09-04,CHF,0.940665
2024-09-04,GBP,0.807300
2024-09-04,USD,1.156702
2024-09-05,CHF,0.940459
2024-09-05,GBP,0.808191
2024-09-05,USD,1.158131
2024-09-06,CHF,0.945501
2024-09-06,GBP,0.808042
2024-09-06,USD,1.159100
2024-09-09,CHF,0.947514
2024-09-09,GBP,0.807514
2024-09-09,USD,1.161685
2024-09-10,CHF,0.944893
2024-09-10,GBP,0.812451
2024-09-10,USD,1.162492
2024-09-11,CHF,0.944032
2024-09-11,GBP,0.809550
2024-09-11,USD,1.159531
2024-09-12,CHF,0.943632
2024-09-12,GBP,0.807365
2024-09-12,USD,1.153655
2024-09-13,CHF,0.946658
2024-09-13,GBP,0.804435
2024-09-13,USD,1.150411
2024-09-16,CHF,0.947542
2024-09-16,GBP,0.802835
2024-09-16,USD,1.160275
2024-09-17,CHF,0.947174
2024-09-17,GBP,0.805176
2024-09-17,USD,1.166236
2024-09-18,CHF,0.951467
2024-09-18,GBP,0.810949
2024-09-18,USD,1.175194
2024-09-19,CHF,0.949462
2024-09-19,GBP,0.812031
2024-09-19,USD,1.175912
2024-09-20,CHF,0.947413
2024-09-20,GBP,0.811573
2024-09-20,USD,1.172389
2024-09-23,CHF,0.948186
2024-09-23,GBP,0.809236
2024-09-23,USD,1.175919
2024-09-24,CHF,0.950080
2024-09-24,GBP,0.810308
2024-09-24,USD,1.167287
2024-09-25,CHF,0.950158
2024-09-25,GBP,0.809928
2024-09-25,USD,1.164601
2024-09-26,CHF,0.950742
2024-09-26,GBP,0.809694
2024-09-26,USD,1.164869
2024-09-27,CHF,0.949773
2024-09-27,GBP,0.808943
2024-09-27,USD,1.168017
2024-09-30,CHF,0.948897
2024-09-30,GBP,0.807795
2024-09-30,USD,1.166885
2024-10-01,CHF,0.949283
2024-10-01,GBP,0.806409
2024-10-01,USD,1.158076
2024-10-02,CHF,0.952061
2024-10-02,GBP,0.806013
2024-10-02,USD,1.156790
2024-10-03,CHF,0.951913
2024-10-03,GBP,0.807168
2024-10-03,USD,1.159719
2024-10-04,CHF,0.948850
2024-10-04,GBP,0.804788
2024-10-04,USD,1.159098
2024-10-07,CHF,0.949684
2024-10-07,GBP,0.800450
2024-10-07,USD,1.161344
2024-10-08,CHF,0.952608
2024-10-08,GBP,0.802825
2024-10-08,USD,1.161368
2024-10-09,CHF,0.953049
2024-10-09,GBP,0.805709
2024-10-09,USD,1.166526
2024-10-10,CHF,0.955603
2024-10-10,GBP,0.806824
2024-10-10,USD,1.157662
2024-10-11,CHF,0.956702
2024-10-11,GBP,0.803022
2024-10-11,USD,1.159313
2024-10-14,CHF,0.951630
2024-10-14,GBP,0.805264
2024-10-14,USD,1.174987
2024-10-15,CHF,0.951296
2024-10-15,GBP,0.802683
2024-10-15,USD,1.174185
2024-10-16,CHF,0.952990
2024-10-16,GBP,0.797797
2024-10-16,USD,1.169957
2024-10-17,CHF,0.953140
2024-10-17,GBP,0.793868
2024-10-17,USD,1.185260
2024-10-18,CHF,0.950204
2024-10-18,GBP,0.796979
2024-10-18,USD,1.175878
2024-10-21,CHF,0.951942
2024-10-21,GBP,0.798407
2024-10-21,USD,1.172887
2024-10-22,CHF,0.951911
2024-10-22,GBP,0.798534
2024-10-22,USD,1.172573
2024-10-23,CHF,0.953988
2024-10-23,GBP,0.798728
2024-10-23,USD,1.173794
2024-10-24,CHF,0.948780
2024-10-24,GBP,0.794417
2024-10-24,USD,1.175956
2024-10-25,CHF,0.945640
2024-10-25,GBP,0.790022
2024-10-25,USD,1.181652
2024-10-28,CHF,0.944926
2024-10-28,GBP,0.790533
2024-10-28,USD,1.181122
2024-10-29,CHF,0.945754
2024-10-29,GBP,0.784849
2024-10-29,USD,1.188375
2024-10-30,CHF,0.944742
2024-10-30,GBP,0.780574
2024-10-30,USD,1.199268
2024-10-31,CHF,0.945140
2024-10-31,GBP,0.785567
2024-10-31,USD,1.204135
2024-11-01,CHF,0.944563
2024-11-01,GBP,0.785451
2024-11-01,USD,1.210566
2024-11-04,CHF,0.945269
2024-11-04,GBP,0.782281
2024-11-04,USD,1.210376
2024-11-05,CHF,0.942467
2024-11-05,GBP,0.780769
2024-11-05,USD,1.206145
2024-11-06,CHF,0.944731
2024-11-06,GBP,0.779232
2024-11-06,USD,1.214843
2024-11-07,CHF,0.946438
2024-11-07,GBP,0.782682
2024-11-07,USD,1.206047
2024-11-08,CHF,0.945469
2024-11-08,GBP,0.782646
2024-11-08,USD,1.206917
2024-11-11,CHF,0.944613
2024-11-11,GBP,0.780830
2024-11-11,USD,1.215018
2024-11-12,CHF,0.946493
2024-11-12,GBP,0.781901
2024-11-12,USD,1.210370
2024-11-13,CHF,0.946653
2024-11-13,GBP,0.780149
2024-11-13,USD,1.212211
2024-11-14,CHF,0.944843
2024-11-14,GBP,0.782515
2024-11-14,USD,1.224475
2024-11-15,CHF,0.947657
2024-11-15,GBP,0.780344
2024-11-15,USD,1.221339
2024-11-18,CHF,0.946922
2024-11-18,GBP,0.780322
2024-11-18,USD,1.235654
2024-11-19,CHF,0.948705
2024-11-19,GBP,0.782021
2024-11-19,USD,1.240462
2024-11-20,CHF,0.945472
2024-11-20,GBP,0.779373
2024-11-20,USD,1.226097
2024-11-21,CHF,0.945640
2024-11-21,GBP,0.779764
2024-11-21,USD,1.223476
2024-11-22,CHF,0.948532
2024-11-22,GBP,0.781049
2024-11-22,USD,1.227645
2024-11-25,CHF,0.947505
2024-11-25,GBP,0.776381
2024-11-25,USD,1.230522
2024-11-26,CHF,0.946959
2024-11-26,GBP,0.778652
2024-11-26,USD,1.228182
2024-11-27,CHF,0.948581
2024-11-27,GBP,0.778579
2024-11-27,USD,1.232911
2024-11-28,CHF,0.948564
2024-11-28,GBP,0.780586
2024-11-28,USD,1.233105
2024-11-29,CHF,0.948827
2024-11-29,GBP,0.781151
2024-11-29,USD,1.229543
2024-12-02,CHF,0.948663
2024-12-02,GBP,0.781641
2024-12-02,USD,1.240946
2024-12-03,CHF,0.950878
2024-12-03,GBP,0.784405
2024-12-03,USD,1.245798
2024-12-04,CHF,0.952716
2024-12-04,GBP,0.781994
2024-12-04,USD,1.240839
2024-12-05,CHF,0.951227
2024-12-05,GBP,0.783621
2024-12-05,USD,1.238940
2024-12-06,CHF,0.949866
2024-12-06,GBP,0.784355
2024-12-06,USD,1.235205
2024-12-09,CHF,0.947582
2024-12-09,GBP,0.781073
2024-12-09,USD,1.235903
2024-12-10,CHF,0.945008
2024-12-10,GBP,0.778713
2024-12-10,USD,1.234403
2024-12-11,CHF,0.946702
2024-12-11,GBP,0.780830
2024-12-11,USD,1.227217
2024-12-12,CHF,0.943679
2024-12-12,GBP,0.787288
2024-12-12,USD,1.220769
2024-12-13,CHF,0.946607
2024-12-13,GBP,0.786992
2024-12-13,USD,1.215582
2024-12-16,CHF,0.945400
2024-12-16,GBP,0.790349
2024-12-16,USD,1.217901
2024-12-17,CHF,0.944372
2024-12-17,GBP,0.790189
2024-12-17,USD,1.220635
2024-12-18,CHF,0.946377
2024-12-18,GBP,0.788785
2024-12-18,USD,1.224202
2024-12-19,CHF,0.947467
2024-12-19,GBP,0.787567
2024-12-19,USD,1.222493
2024-12-20,CHF,0.948335
2024-12-20,GBP,0.788874
2024-12-20,USD,1.229576
2024-12-23,CHF,0.952327
2024-12-23,GBP,0.783091
2024-12-23,USD,1.221565
2024-12-24,CHF,0.951759
2024-12-24,GBP,0.786628
2024-12-24,USD,1.212297
2024-12-25,CHF,0.953479
2024-12-25,GBP,0.788191
2024-12-25,USD,1.209218
2024-12-26,CHF,0.957417
2024-12-26,GBP,0.792187
2024-12-26,USD,1.202170
2024-12-27,CHF,0.957534
2024-12-27,GBP,0.797218
2024-12-27,USD,1.216262
2024-12-30,CHF,0.952060
2024-12-30,GBP,0.801827
2024-12-30,USD,1.213549
2024-12-31,CHF,0.950454
2024-12-31,GBP,0.804423
2024-12-31,USD,1.217946
2025-01-01,CHF,0.950900
2025-01-01,GBP,0.803980
2025-01-01,USD,1.213116
2025-01-02,CHF,0.949263
2025-01-02,GBP,0.806672
2025-01-02,USD,1.209586
2025-01-03,CHF,0.944446
2025-01-03,GBP,0.808164
2025-01-03,USD,1.208825
2025-01-06,CHF,0.941965
2025-01-06,GBP,0.809918
2025-01-06,USD,1.204341
2025-01-07,CHF,0.941777
2025-01-07,GBP,0.810785
2025-01-07,USD,1.208542
2025-01-08,CHF,0.936921
2025-01-08,GBP,0.809314
2025-01-08,USD,1.199338
2025-01-09,CHF,0.937465
2025-01-09,GBP,0.808428
2025-01-09,USD,1.208415
2025-01-10,CHF,0.936323
2025-01-10,GBP,0.806696
2025-01-10,USD,1.211341
2025-01-13,CHF,0.936805
2025-01-13,GBP,0.809944
2025-01-13,USD,1.208424
2025-01-14,CHF,0.933417
2025-01-14,GBP,0.813192
2025-01-14,USD,1.205112
2025-01-15,CHF,0.934348
2025-01-15,GBP,0.811581
2025-01-15,USD,1.203347
2025-01-16,CHF,0.931637
2025-01-16,GBP,0.812849
2025-01-16,USD,1.204691
2025-01-17,CHF,0.931661
2025-01-17,GBP,0.813164
2025-01-17,USD,1.206219
2025-01-20,CHF,0.931273
2025-01-20,GBP,0.816191
2025-01-20,USD,1.205197
2025-01-21,CHF,0.931295
2025-01-21,GBP,0.817265
2025-01-21,USD,1.198475
2025-01-22,CHF,0.934148
2025-01-22,GBP,0.815136
2025-01-22,USD,1.197253
2025-01-23,CHF,0.932849
2025-01-23,GBP,0.815446
2025-01-23,USD,1.199255
2025-01-24,CHF,0.932330
2025-01-24,GBP,0.813933
2025-01-24,USD,1.197886
2025-01-27,CHF,0.930013
2025-01-27,GBP,0.817287
2025-01-27,USD,1.191166
2025-01-28,CHF,0.933247
2025-01-28,GBP,0.818027
2025-01-28,USD,1.182857
2025-01-29,CHF,0.932173
2025-01-29,GBP,0.815124
2025-01-29,USD,1.186470
2025-01-30,CHF,0.931915
2025-01-30,GBP,0.816446
2025-01-30,USD,1.187072
2025-01-31,CHF,0.931677
2025-01-31,GBP,0.817280
2025-01-31,USD,1.187897
2025-02-03,CHF,0.931890
2025-02-03,GBP,0.819119
2025-02-03,USD,1.183659
2025-02-04,CHF,0.934593
2025-02-04,GBP,0.822724
2025-02-04,USD,1.182048
2025-02-05,CHF,0.933856
2025-02-05,GBP,0.822013
2025-02-05,USD,1.183744
2025-02-06,CHF,0.935069
2025-02-06,GBP,0.824137
2025-02-06,USD,1.177890
2025-02-07,CHF,0.935984
2025-02-07,GBP,0.824365
2025-02-07,USD,1.174529
2025-02-10,CHF,0.934777
2025-02-10,GBP,0.821092
2025-02-10,USD,1.181031
2025-02-11,CHF,0.934752
2025-02-11,GBP,0.816541
2025-02-11,USD,1.191756
2025-02-12,CHF,0.932586
2025-02-12,GBP,0.818900
2025-02-12,USD,1.192214
2025-02-13,CHF,0.931434
2025-02-13,GBP,0.823151
2025-02-13,USD,1.188693
2025-02-14,CHF,0.928562
2025-02-14,GBP,0.820073
2025-02-14,USD,1.173354
2025-02-17,CHF,0.928745
2025-02-17,GBP,0.819002
2025-02-17,USD,1.161887
2025-02-18,CHF,0.928919
2025-02-18,GBP,0.821632
2025-02-18,USD,1.160552
2025-02-19,CHF,0.928995
2025-02-19,GBP,0.820893
2025-02-19,USD,1.168008
2025-02-20,CHF,0.928471
2025-02-20,GBP,0.813737
2025-02-20,USD,1.162798
2025-02-21,CHF,0.928700
2025-02-21,GBP,0.812161
2025-02-21,USD,1.158185
2025-02-24,CHF,0.926801
2025-02-24,GBP,0.809824
2025-02-24,USD,1.156003
2025-02-25,CHF,0.926917
2025-02-25,GBP,0.808430
2025-02-25,USD,1.163851
2025-02-26,CHF,0.925968
2025-02-26,GBP,0.806422
2025-02-26,USD,1.164398
2025-02-27,CHF,0.927922
2025-02-27,GBP,0.805109
2025-02-27,USD,1.163174
2025-02-28,CHF,0.927178
2025-02-28,GBP,0.806013
2025-02-28,USD,1.156521
2025-03-03,CHF,0.927025
2025-03-03,GBP,0.805728
2025-03-03,USD,1.150524
2025-03-04,CHF,0.927434
2025-03-04,GBP,0.804179
2025-03-04,USD,1.150044
2025-03-05,CHF,0.925436
2025-03-05,GBP,0.801138
2025-03-05,USD,1.144187
2025-03-06,CHF,0.923289
2025-03-06,GBP,0.802158
2025-03-06,USD,1.151855
2025-03-07,CHF,0.924173
2025-03-07,GBP,0.800143
2025-03-07,USD,1.161331
2025-03-10,CHF,0.920666
2025-03-10,GBP,0.800990
2025-03-10,USD,1.155939
2025-03-11,CHF,0.918494
2025-03-11,GBP,0.803053
2025-03-11,USD,1.153341
2025-03-12,CHF,0.921193
2025-03-12,GBP,0.806918
2025-03-12,USD,1.153811
2025-03-13,CHF,0.918140
2025-03-13,GBP,0.801308
2025-03-13,USD,1.152091
2025-03-14,CHF,0.918808
2025-03-14,GBP,0.798772
2025-03-14,USD,1.155369
2025-03-17,CHF,0.921432
2025-03-17,GBP,0.793170
2025-03-17,USD,1.152754
2025-03-18,CHF,0.923600
2025-03-18,GBP,0.790988
2025-03-18,USD,1.155098
2025-03-19,CHF,0.921290
2025-03-19,GBP,0.788684
2025-03-19,USD,1.151149
2025-03-20,CHF,0.922832
2025-03-20,GBP,0.790754
2025-03-20,USD,1.139842
2025-03-21,CHF,0.921790
2025-03-21,GBP,0.791577
2025-03-21,USD,1.140700
2025-03-24,CHF,0.919938
2025-03-24,GBP,0.792420
2025-03-24,USD,1.135075
2025-03-25,CHF,0.919795
2025-03-25,GBP,0.787829
2025-03-25,USD,1.133777
2025-03-26,CHF,0.922821
2025-03-26,GBP,0.786773
2025-03-26,USD,1.137324
2025-03-27,CHF,0.925547
2025-03-27,GBP,0.785775
2025-03-27,USD,1.137653
2025-03-28,CHF,0.929123
2025-03-28,GBP,0.789537
2025-03-28,USD,1.132292
2025-03-31,CHF,0.930020
2025-03-31,GBP,0.787725
2025-03-31,USD,1.134923
2025-04-01,CHF,0.927496
2025-04-01,GBP,0.791103
2025-04-01,USD,1.137727
2025-04-02,CHF,0.925340
2025-04-02,GBP,0.788624
2025-04-02,USD,1.136332
2025-04-03,CHF,0.922515
2025-04-03,GBP,0.791843
2025-04-03,USD,1.141629
2025-04-04,CHF,0.923018
2025-04-04,GBP,0.789030
2025-04-04,USD,1.135172
2025-04-07,CHF,0.922732
2025-04-07,GBP,0.794621
2025-04-07,USD,1.132231
2025-04-08,CHF,0.923467
2025-04-08,GBP,0.790878
2025-04-08,USD,1.129357
2025-04-09,CHF,0.921689
2025-04-09,GBP,0.791630
2025-04-09,USD,1.125613
2025-04-10,CHF,0.921849
2025-04-10,GBP,0.791085
2025-04-10,USD,1.131814
2025-04-11,CHF,0.919546
2025-04-11,GBP,0.785921
2025-04-11,USD,1.126351
2025-04-14,CHF,0.922404
2025-04-14,GBP,0.785505
2025-04-14,USD,1.126120
2025-04-15,CHF,0.919238
2025-04-15,GBP,0.782239
2025-04-15,USD,1.126997
2025-04-16,CHF,0.921802
2025-04-16,GBP,0.784530
2025-04-16,USD,1.132724
2025-04-17,CHF,0.920612
2025-04-17,GBP,0.784828
2025-04-17,USD,1.122368
2025-04-18,CHF,0.917345
2025-04-18,GBP,0.783813
2025-04-18,USD,1.123829
2025-04-21,CHF,0.913554
2025-04-21,GBP,0.781619
2025-04-21,USD,1.126257
2025-04-22,CHF,0.914576
2025-04-22,GBP,0.788074
2025-04-22,USD,1.124923
2025-04-23,CHF,0.915474
2025-04-23,GBP,0.787208
2025-04-23,USD,1.117267
2025-04-24,CHF,0.913100
2025-04-24,GBP,0.790081
2025-04-24,USD,1.114421
2025-04-25,CHF,0.910914
2025-04-25,GBP,0.789840
2025-04-25,USD,1.113518
2025-04-28,CHF,0.910146
2025-04-28,GBP,0.783250
2025-04-28,USD,1.109490
2025-04-29,CHF,0.910046
2025-04-29,GBP,0.781921
2025-04-29,USD,1.110756
2025-04-30,CHF,0.908530
2025-04-30,GBP,0.781891
2025-04-30,USD,1.121390
2025-05-01,CHF,0.907500
2025-05-01,GBP,0.782505
2025-05-01,USD,1.123960
2025-05-02,CHF,0.904044
2025-05-02,GBP,0.784152
2025-05-02,USD,1.130339
2025-05-05,CHF,0.903478
2025-05-05,GBP,0.786695
2025-05-05,USD,1.128206
2025-05-06,CHF,0.905294
2025-05-06,GBP,0.789450
2025-05-06,USD,1.125984
2025-05-07,CHF,0.907659
2025-05-07,GBP,0.789332
2025-05-07,USD,1.127434
2025-05-08,CHF,0.905153
2025-05-08,GBP,0.786076
2025-05-08,USD,1.132751
2025-05-09,CHF,0.909306
2025-05-09,GBP,0.779699
2025-05-09,USD,1.133119
2025-05-12,CHF,0.908474
2025-05-12,GBP,0.779574
2025-05-12,USD,1.134262
2025-05-13,CHF,0.906049
2025-05-13,GBP,0.774780
2025-05-13,USD,1.134608
2025-05-14,CHF,0.905456
2025-05-14,GBP,0.777454
2025-05-14,USD,1.143793
2025-05-15,CHF,0.902844
2025-05-15,GBP,0.776608
2025-05-15,USD,1.150967
2025-05-16,CHF,0.901342
2025-05-16,GBP,0.776215
2025-05-16,USD,1.148642
2025-05-19,CHF,0.903786
2025-05-19,GBP,0.774153
2025-05-19,USD,1.141920
2025-05-20,CHF,0.903598
2025-05-20,GBP,0.773635
2025-05-20,USD,1.150133
2025-05-21,CHF,0.902059
2025-05-21,GBP,0.775891
2025-05-21,USD,1.150096
2025-05-22,CHF,0.901800
2025-05-22,GBP,0.772000
2025-05-22,USD,1.153860
2025-05-23,CHF,0.902584
2025-05-23,GBP,0.771842
2025-05-23,USD,1.147065
2025-05-26,CHF,0.904535
2025-05-26,GBP,0.776564
2025-05-26,USD,1.147882
2025-05-27,CHF,0.906902
2025-05-27,GBP,0.781018
2025-05-27,USD,1.157707
2025-05-28,CHF,0.909255
2025-05-28,GBP,0.785280
2025-05-28,USD,1.154704
2025-05-29,CHF,0.914928
2025-05-29,GBP,0.787673
2025-05-29,USD,1.154633
2025-05-30,CHF,0.917288
2025-05-30,GBP,0.792441
2025-05-30,USD,1.152358
2025-06-02,CHF,0.916517
2025-06-02,GBP,0.798160
2025-06-02,USD,1.159669
2025-06-03,CHF,0.917269
2025-06-03,GBP,0.797234
2025-06-03,USD,1.162555
2025-06-04,CHF,0.918281
2025-06-04,GBP,0.802416
2025-06-04,USD,1.155833
2025-06-05,CHF,0.920463
2025-06-05,GBP,0.796623
2025-06-05,USD,1.155779
2025-06-06,CHF,0.918154
2025-06-06,GBP,0.800055
2025-06-06,USD,1.155208
2025-06-09,CHF,0.919966
2025-06-09,GBP,0.799650
2025-06-09,USD,1.155280
2025-06-10,CHF,0.923144
2025-06-10,GBP,0.801799
2025-06-10,USD,1.149613
2025-06-11,CHF,0.919947
2025-06-11,GBP,0.794883
2025-06-11,USD,1.141836
2025-06-12,CHF,0.920564
2025-06-12,GBP,0.798271
2025-06-12,USD,1.139333
2025-06-13,CHF,0.918902
2025-06-13,GBP,0.798081
2025-06-13,USD,1.136491
2025-06-16,CHF,0.917090
2025-06-16,GBP,0.798904
2025-06-16,USD,1.137999
2025-06-17,CHF,0.914639
2025-06-17,GBP,0.800059
2025-06-17,USD,1.126438
2025-06-18,CHF,0.916960
2025-06-18,GBP,0.799365
2025-06-18,USD,1.126372
2025-06-19,CHF,0.917745
2025-06-19,GBP,0.800279
2025-06-19,USD,1.126227
2025-06-20,CHF,0.917458
2025-06-20,GBP,0.799344
2025-06-20,USD,1.126330
2025-06-23,CHF,0.914146
2025-06-23,GBP,0.804915
2025-06-23,USD,1.124980
2025-06-24,CHF,0.914439
2025-06-24,GBP,0.804917
2025-06-24,USD,1.126648
2025-06-25,CHF,0.914811
2025-06-25,GBP,0.801630
2025-06-25,USD,1.121376
2025-06-26,CHF,0.914834
2025-06-26,GBP,0.799980
2025-06-26,USD,1.118384
2025-06-27,CHF,0.918256
2025-06-27,GBP,0.802421
2025-06-27,USD,1.121605
2025-06-30,CHF,0.918928
2025-06-30,GBP,0.803261
2025-06-30,USD,1.119617
2025-07-01,CHF,0.917840
2025-07-01,GBP,0.809896
2025-07-01,USD,1.118389
2025-07-02,CHF,0.917672
2025-07-02,GBP,0.807387
2025-07-02,USD,1.111867
2025-07-03,CHF,0.916618
2025-07-03,GBP,0.806507
2025-07-03,USD,1.109121
2025-07-04,CHF,0.914222
2025-07-04,GBP,0.803437
2025-07-04,USD,1.107543
2025-07-07,CHF,0.912420
2025-07-07,GBP,0.802463
2025-07-07,USD,1.109826
2025-07-08,CHF,0.912123
2025-07-08,GBP,0.805712
2025-07-08,USD,1.108959
2025-07-09,CHF,0.912590
2025-07-09,GBP,0.805133
2025-07-09,USD,1.107883
2025-07-10,CHF,0.911542
2025-07-10,GBP,0.804498
2025-07-10,USD,1.102812
2025-07-11,CHF,0.913008
2025-07-11,GBP,0.804842
2025-07-11,USD,1.101031
2025-07-14,CHF,0.916578
2025-07-14,GBP,0.803345
2025-07-14,USD,1.091824
2025-07-15,CHF,0.914781
2025-07-15,GBP,0.803441
2025-07-15,USD,1.094871
2025-07-16,CHF,0.912338
2025-07-16,GBP,0.804163
2025-07-16,USD,1.091012
2025-07-17,CHF,0.911243
2025-07-17,GBP,0.802759
2025-07-17,USD,1.091619
2025-07-18,CHF,0.911368
2025-07-18,GBP,0.803571
2025-07-18,USD,1.092348
2025-07-21,CHF,0.912604
2025-07-21,GBP,0.802137
2025-07-21,USD,1.092588
2025-07-22,CHF,0.913565
2025-07-22,GBP,0.799048
2025-07-22,USD,1.098293
2025-07-23,CHF,0.914820
2025-07-23,GBP,0.800863
2025-07-23,USD,1.096866
2025-07-24,CHF,0.913360
2025-07-24,GBP,0.797790
2025-07-24,USD,1.088610
2025-07-25,CHF,0.916135
2025-07-25,GBP,0.795650
2025-07-25,USD,1.078993
2025-07-28,CHF,0.914852
2025-07-28,GBP,0.798897
2025-07-28,USD,1.080827
2025-07-29,CHF,0.916011
2025-07-29,GBP,0.796904
2025-07-29,USD,1.080571
2025-07-30,CHF,0.917808
2025-07-30,GBP,0.795211
2025-07-30,USD,1.074647
2025-07-31,CHF,0.919597
2025-07-31,GBP,0.800999
2025-07-31,USD,1.080112
2025-08-01,CHF,0.919674
2025-08-01,GBP,0.798754
2025-08-01,USD,1.084962
2025-08-04,CHF,0.922479
2025-08-04,GBP,0.798054
2025-08-04,USD,1.079433
2025-08-05,CHF,0.922625
2025-08-05,GBP,0.796374
2025-08-05,USD,1.084660
2025-08-06,CHF,0.921074
2025-08-06,GBP,0.797228
2025-08-06,USD,1.086018
2025-08-07,CHF,0.920376
2025-08-07,GBP,0.798817
2025-08-07,USD,1.088143
2025-08-08,CHF,0.917574
2025-08-08,GBP,0.798080
2025-08-08,USD,1.091741
2025-08-11,CHF,0.918382
2025-08-11,GBP,0.800472
2025-08-11,USD,1.086518
2025-08-12,CHF,0.918165
2025-08-12,GBP,0.801792
2025-08-12,USD,1.079339
2025-08-13,CHF,0.917498
2025-08-13,GBP,0.807481
2025-08-13,USD,1.080147
2025-08-14,CHF,0.911595
2025-08-14,GBP,0.810476
2025-08-14,USD,1.079236
2025-08-15,CHF,0.912871
2025-08-15,GBP,0.809775
2025-08-15,USD,1.074465
2025-08-18,CHF,0.913744
2025-08-18,GBP,0.812872
2025-08-18,USD,1.073415
2025-08-19,CHF,0.914917
2025-08-19,GBP,0.810660
2025-08-19,USD,1.080512
2025-08-20,CHF,0.913973
2025-08-20,GBP,0.811765
2025-08-20,USD,1.076138
2025-08-21,CHF,0.914907
2025-08-21,GBP,0.811423
2025-08-21,USD,1.079275
2025-08-22,CHF,0.915513
2025-08-22,GBP,0.809800
2025-08-22,USD,1.077179
2025-08-25,CHF,0.916928
2025-08-25,GBP,0.811273
2025-08-25,USD,1.082784
2025-08-26,CHF,0.918010
2025-08-26,GBP,0.814168
2025-08-26,USD,1.092951
2025-08-27,CHF,0.920531
2025-08-27,GBP,0.810119
2025-08-27,USD,1.100772
2025-08-28,CHF,0.919613
2025-08-28,GBP,0.810783
2025-08-28,USD,1.104584
2025-08-29,CHF,0.917351
2025-08-29,GBP,0.812725
2025-08-29,USD,1.106363
2025-09-01,CHF,0.915532
2025-09-01,GBP,0.811577
2025-09-01,USD,1.103734
2025-09-02,CHF,0.915070
2025-09-02,GBP,0.815795
2025-09-02,USD,1.107515
2025-09-03,CHF,0.914239
2025-09-03,GBP,0.814362
2025-09-03,USD,1.119452
2025-09-04,CHF,0.910776
2025-09-04,GBP,0.816254
2025-09-04,USD,1.120728
2025-09-05,CHF,0.913731
2025-09-05,GBP,0.815932
2025-09-05,USD,1.115664
2025-09-08,CHF,0.915739
2025-09-08,GBP,0.816753
2025-09-08,USD,1.110805
2025-09-09,CHF,0.913633
2025-09-09,GBP,0.820182
2025-09-09,USD,1.107177
2025-09-10,CHF,0.913820
2025-09-10,GBP,0.818260
2025-09-10,USD,1.111252
2025-09-11,CHF,0.911615
2025-09-11,GBP,0.814034
2025-09-11,USD,1.111722
2025-09-12,CHF,0.909248
2025-09-12,GBP,0.815422
2025-09-12,USD,1.111364
2025-09-15,CHF,0.911328
2025-09-15,GBP,0.815556
2025-09-15,USD,1.110940
2025-09-16,CHF,0.914022
2025-09-16,GBP,0.819082
2025-09-16,USD,1.108817
2025-09-17,CHF,0.912751
2025-09-17,GBP,0.818326
2025-09-17,USD,1.107374
2025-09-18,CHF,0.912340
2025-09-18,GBP,0.821547
2025-09-18,USD,1.104457
2025-09-19,CHF,0.912040
2025-09-19,GBP,0.822271
2025-09-19,USD,1.105193
2025-09-22,CHF,0.911197
2025-09-22,GBP,0.820393
2025-09-22,USD,1.106966
2025-09-23,CHF,0.909874
2025-09-23,GBP,0.820792
2025-09-23,USD,1.107068
2025-09-24,CHF,0.911717
2025-09-24,GBP,0.822337
2025-09-24,USD,1.100219
2025-09-25,CHF,0.913238
2025-09-25,GBP,0.825955
2025-09-25,USD,1.099842
2025-09-26,CHF,0.910563
2025-09-26,GBP,0.819682
2025-09-26,USD,1.095099
2025-09-29,CHF,0.911617
2025-09-29,GBP,0.820963
2025-09-29,USD,1.091106
2025-09-30,CHF,0.912333
2025-09-30,GBP,0.818458
2025-09-30,USD,1.084305
2025-10-01,CHF,0.912824
2025-10-01,GBP,0.814128
2025-10-01,USD,1.079716
2025-10-02,CHF,0.911846
2025-10-02,GBP,0.810529
2025-10-02,USD,1.071508
2025-10-03,CHF,0.911088
2025-10-03,GBP,0.808374
2025-10-03,USD,1.072075
2025-10-06,CHF,0.911487
2025-10-06,GBP,0.805790
2025-10-06,USD,1.077485
2025-10-07,CHF,0.914815
2025-10-07,GBP,0.806105
2025-10-07,USD,1.077377
2025-10-08,CHF,0.916484
2025-10-08,GBP,0.805642
2025-10-08,USD,1.074381
2025-10-09,CHF,0.916612
2025-10-09,GBP,0.804831
2025-10-09,USD,1.065712
2025-10-10,CHF,0.915027
2025-10-10,GBP,0.808104
2025-10-10,USD,1.057624
2025-10-13,CHF,0.912926
2025-10-13,GBP,0.807518
2025-10-13,USD,1.059896
2025-10-14,CHF,0.916701
2025-10-14,GBP,0.811213
2025-10-14,USD,1.063724
2025-10-15,CHF,0.914228
2025-10-15,GBP,0.809577
2025-10-15,USD,1.064033
2025-10-16,CHF,0.913411
2025-10-16,GBP,0.810699
2025-10-16,USD,1.061708
2025-10-17,CHF,0.912332
2025-10-17,GBP,0.814748
2025-10-17,USD,1.063906
2025-10-20,CHF,0.908758
2025-10-20,GBP,0.816155
2025-10-20,USD,1.059827
2025-10-21,CHF,0.908578
2025-10-21,GBP,0.822009
2025-10-21,USD,1.070998
2025-10-22,CHF,0.906001
2025-10-22,GBP,0.821699
2025-10-22,USD,1.071012
2025-10-23,CHF,0.905234
2025-10-23,GBP,0.821374
2025-10-23,USD,1.064741
2025-10-24,CHF,0.906159
2025-10-24,GBP,0.820459
2025-10-24,USD,1.063778
2025-10-27,CHF,0.903422
2025-10-27,GBP,0.817889
2025-10-27,USD,1.055923
2025-10-28,CHF,0.899166
2025-10-28,GBP,0.819455
2025-10-28,USD,1.054562
2025-10-29,CHF,0.898599
2025-10-29,GBP,0.818899
2025-10-29,USD,1.047770
2025-10-30,CHF,0.900643
2025-10-30,GBP,0.815536
2025-10-30,USD,1.051045
2025-10-31,CHF,0.898282
2025-10-31,GBP,0.814838
2025-10-31,USD,1.046221
2025-11-03,CHF,0.898278
2025-11-03,GBP,0.817146
2025-11-03,USD,1.050988
2025-11-04,CHF,0.897625
2025-11-04,GBP,0.812271
2025-11-04,USD,1.045387
2025-11-05,CHF,0.897403
2025-11-05,GBP,0.813132
2025-11-05,USD,1.050402
2025-11-06,CHF,0.895096
2025-11-06,GBP,0.811731
2025-11-06,USD,1.056504
2025-11-07,CHF,0.898132
2025-11-07,GBP,0.810105
2025-11-07,USD,1.049089
2025-11-10,CHF,0.897658
2025-11-10,GBP,0.812062
2025-11-10,USD,1.050500
2025-11-11,CHF,0.900217
2025-11-11,GBP,0.813976
2025-11-11,USD,1.046698
2025-11-12,CHF,0.896873
2025-11-12,GBP,0.811087
2025-11-12,USD,1.053089
2025-11-13,CHF,0.893033
2025-11-13,GBP,0.806005
2025-11-13,USD,1.050503
2025-11-14,CHF,0.891806
2025-11-14,GBP,0.804141
2025-11-14,USD,1.049292
2025-11-17,CHF,0.890958
2025-11-17,GBP,0.808139
2025-11-17,USD,1.054840
2025-11-18,CHF,0.892617
2025-11-18,GBP,0.810045
2025-11-18,USD,1.054762
2025-11-19,CHF,0.896605
2025-11-19,GBP,0.812148
2025-11-19,USD,1.055756
2025-11-20,CHF,0.898120
2025-11-20,GBP,0.807369
2025-11-20,USD,1.048573
2025-11-21,CHF,0.895804
2025-11-21,GBP,0.809333
2025-11-21,USD,1.042141
2025-11-24,CHF,0.895374
2025-11-24,GBP,0.805585
2025-11-24,USD,1.053827
2025-11-25,CHF,0.894673
2025-11-25,GBP,0.808944
2025-11-25,USD,1.050371
2025-11-26,CHF,0.892318
2025-11-26,GBP,0.809451
2025-11-26,USD,1.041963
2025-11-27,CHF,0.893768
2025-11-27,GBP,0.809698
2025-11-27,USD,1.039689
2025-11-28,CHF,0.891697
2025-11-28,GBP,0.813820
2025-11-28,USD,1.036754
2025-12-01,CHF,0.890720
2025-12-01,GBP,0.816680
2025-12-01,USD,1.038528
2025-12-02,CHF,0.892113
2025-12-02,GBP,0.821655
2025-12-02,USD,1.032698
2025-12-03,CHF,0.892644
2025-12-03,GBP,0.819807
2025-12-03,USD,1.031793
2025-12-04,CHF,0.895408
2025-12-04,GBP,0.818605
2025-12-04,USD,1.037330
2025-12-05,CHF,0.898121
2025-12-05,GBP,0.820569
2025-12-05,USD,1.033643
2025-12-08,CHF,0.895818
2025-12-08,GBP,0.817050
2025-12-08,USD,1.027903
2025-12-09,CHF,0.896695
2025-12-09,GBP,0.814730
2025-12-09,USD,1.029263
2025-12-10,CHF,0.895149
2025-12-10,GBP,0.810477
2025-12-10,USD,1.030159
2025-12-11,CHF,0.897051
2025-12-11,GBP,0.809173
2025-12-11,USD,1.030633
2025-12-12,CHF,0.897796
2025-12-12,GBP,0.805834
2025-12-12,USD,1.033151
2025-12-15,CHF,0.897953
2025-12-15,GBP,0.805669
2025-12-15,USD,1.034641
2025-12-16,CHF,0.896318
2025-12-16,GBP,0.806447
2025-12-16,USD,1.035268
2025-12-17,CHF,0.897596
2025-12-17,GBP,0.807644
2025-12-17,USD,1.039151
2025-12-18,CHF,0.895943
2025-12-18,GBP,0.804516
2025-12-18,USD,1.028636
2025-12-19,CHF,0.897022
2025-12-19,GBP,0.802842
2025-12-19,USD,1.017243
2025-12-22,CHF,0.898115
2025-12-22,GBP,0.806535
2025-12-22,USD,1.026450
2025-12-23,CHF,0.900544
2025-12-23,GBP,0.807928
2025-12-23,USD,1.023428
2025-12-24,CHF,0.901277
2025-12-24,GBP,0.802979
2025-12-24,USD,1.019383
2025-12-25,CHF,0.898344
2025-12-25,GBP,0.801691
2025-12-25,USD,1.022137
2025-12-26,CHF,0.900093
2025-12-26,GBP,0.799284
2025-12-26,USD,1.034977
2025-12-29,CHF,0.901443
2025-12-29,GBP,0.799154
2025-12-29,USD,1.037373
2025-12-30,CHF,0.902032
2025-12-30,GBP,0.802298
2025-12-30,USD,1.038822
2025-12-31,CHF,0.903455
2025-12-31,GBP,0.800163
2025-12-31,USD,1.038989
2026-01-01,CHF,0.904787
2026-01-01,GBP,0.795023
2026-01-01,USD,1.035095
2026-01-02,CHF,0.906609
2026-01-02,GBP,0.791730
2026-01-02,USD,1.034575
2026-01-05,CHF,0.902831
2026-01-05,GBP,0.790357
2026-01-05,USD,1.037146
2026-01-06,CHF,0.904152
2026-01-06,GBP,0.787767
2026-01-06,USD,1.036571
2026-01-07,CHF,0.904469
2026-01-07,GBP,0.783288
2026-01-07,USD,1.033687
2026-01-08,CHF,0.907471
2026-01-08,GBP,0.785026
2026-01-08,USD,1.031095
2026-01-09,CHF,0.906587
2026-01-09,GBP,0.784644
2026-01-09,USD,1.033180
2026-01-12,CHF,0.905464
2026-01-12,GBP,0.781907
2026-01-12,USD,1.030701
2026-01-13,CHF,0.909631
2026-01-13,GBP,0.776854
2026-01-13,USD,1.030062
2026-01-14,CHF,0.910558
2026-01-14,GBP,0.772163
2026-01-14,USD,1.036227
2026-01-15,CHF,0.912159
2026-01-15,GBP,0.771896
2026-01-15,USD,1.039588
2026-01-16,CHF,0.910971
2026-01-16,GBP,0.772498
2026-01-16,USD,1.031195
2026-01-19,CHF,0.911828
2026-01-19,GBP,0.777849
2026-01-19,USD,1.026751
2026-01-20,CHF,0.911758
2026-01-20,GBP,0.779576
2026-01-20,USD,1.020375
2026-01-21,CHF,0.909906
2026-01-21,GBP,0.780451
2026-01-21,USD,1.020122
2026-01-22,CHF,0.905919
2026-01-22,GBP,0.777227
2026-01-22,USD,1.025964
2026-01-23,CHF,0.908196
2026-01-23,GBP,0.777750
2026-01-23,USD,1.026352
2026-01-26,CHF,0.906443
2026-01-26,GBP,0.776216
2026-01-26,USD,1.031276
2026-01-27,CHF,0.909438
2026-01-27,GBP,0.772295
2026-01-27,USD,1.037415
2026-01-28,CHF,0.908340
2026-01-28,GBP,0.771087
2026-01-28,USD,1.044082
2026-01-29,CHF,0.908200
2026-01-29,GBP,0.773159
2026-01-29,USD,1.047142
2026-01-30,CHF,0.907629
2026-01-30,GBP,0.775702
2026-01-30,USD,1.046422
2026-02-02,CHF,0.909221
2026-02-02,GBP,0.777122
2026-02-02,USD,1.053031
2026-02-03,CHF,0.908276
2026-02-03,GBP,0.776097
2026-02-03,USD,1.046933
2026-02-04,CHF,0.908236
2026-02-04,GBP,0.773436
2026-02-04,USD,1.040522
2026-02-05,CHF,0.910142
2026-02-05,GBP,0.780789
2026-02-05,USD,1.032682
2026-02-06,CHF,0.912257
2026-02-06,GBP,0.781852
2026-02-06,USD,1.022770
2026-02-09,CHF,0.910873
2026-02-09,GBP,0.782939
2026-02-09,USD,1.023799
2026-02-10,CHF,0.910312
2026-02-10,GBP,0.783993
2026-02-10,USD,1.014268
2026-02-11,CHF,0.908756
2026-02-11,GBP,0.782196
2026-02-11,USD,1.013174
2026-02-12,CHF,0.907712
2026-02-12,GBP,0.785770
2026-02-12,USD,1.014202
2026-02-13,CHF,0.909567
2026-02-13,GBP,0.786234
2026-02-13,USD,1.009035
2026-02-16,CHF,0.912702
2026-02-16,GBP,0.786687
2026-02-16,USD,1.000588
2026-02-17,CHF,0.914374
2026-02-17,GBP,0.787445
2026-02-17,USD,0.996653
2026-02-18,CHF,0.914633
2026-02-18,GBP,0.785107
2026-02-18,USD,0.995097
2026-02-19,CHF,0.913249
2026-02-19,GBP,0.787610
2026-02-19,USD,0.986546
2026-02-20,CHF,0.914586
2026-02-20,GBP,0.785605
2026-02-20,USD,0.983782
2026-02-23,CHF,0.914122
2026-02-23,GBP,0.786872
2026-02-23,USD,0.987297
2026-02-24,CHF,0.913495
2026-02-24,GBP,0.782227
2026-02-24,USD,0.985741
2026-02-25,CHF,0.913375
2026-02-25,GBP,0.782270
2026-02-25,USD,0.975264
2026-02-26,CHF,0.912704
2026-02-26,GBP,0.779489
2026-02-26,USD,0.975283
2026-02-27,CHF,0.911590
2026-02-27,GBP,0.777217
2026-02-27,USD,0.976694
2026-03-02,CHF,0.913995
2026-03-02,GBP,0.778281
2026-03-02,USD,0.980391
2026-03-03,CHF,0.915194
2026-03-03,GBP,0.781173
2026-03-03,USD,0.986124
2026-03-04,CHF,0.918107
2026-03-04,GBP,0.777588
2026-03-04,USD,0.987684
2026-03-05,CHF,0.916994
2026-03-05,GBP,0.776793
2026-03-05,USD,0.988543
2026-03-06,CHF,0.916614
2026-03-06,GBP,0.774081
2026-03-06,USD,0.987256
2026-03-09,CHF,0.914821
2026-03-09,GBP,0.772833
2026-03-09,USD,0.985897
2026-03-10,CHF,0.914561
2026-03-10,GBP,0.774552
2026-03-10,USD,0.997021
2026-03-11,CHF,0.915150
2026-03-11,GBP,0.777821
2026-03-11,USD,0.986162
2026-03-12,CHF,0.912232
2026-03-12,GBP,0.779125
2026-03-12,USD,0.983335
2026-03-13,CHF,0.914475
2026-03-13,GBP,0.778111
2026-03-13,USD,0.987650
2026-03-16,CHF,0.917599
2026-03-16,GBP,0.780008
2026-03-16,USD,0.992075
2026-03-17,CHF,0.917934
2026-03-17,GBP,0.778155
2026-03-17,USD,0.992185
2026-03-18,CHF,0.916001
2026-03-18,GBP,0.779935
2026-03-18,USD,0.993341
2026-03-19,CHF,0.917607
2026-03-19,GBP,0.782465
2026-03-19,USD,1.000454
2026-03-20,CHF,0.918774
2026-03-20,GBP,0.785478
2026-03-20,USD,1.003401
2026-03-23,CHF,0.920160
2026-03-23,GBP,0.788309
2026-03-23,USD,1.009413
2026-03-24,CHF,0.922764
2026-03-24,GBP,0.789942
2026-03-24,USD,1.004779
2026-03-25,CHF,0.924057
2026-03-25,GBP,0.787754
2026-03-25,USD,1.004940
2026-03-26,CHF,0.924639
2026-03-26,GBP,0.788262
2026-03-26,USD,1.006132
2026-03-27,CHF,0.925942
2026-03-27,GBP,0.789214
2026-03-27,USD,0.993360
2026-03-30,CHF,0.922659
2026-03-30,GBP,0.787420
2026-03-30,USD,0.997653
2026-03-31,CHF,0.925040
2026-03-31,GBP,0.787901
2026-03-31,USD,1.000476
2026-04-01,CHF,0.920971
2026-04-01,GBP,0.788344
2026-04-01,USD,1.002060
2026-04-02,CHF,0.922488
2026-04-02,GBP,0.788597
2026-04-02,USD,0.997049
2026-04-03,CHF,0.921104
2026-04-03,GBP,0.790591
2026-04-03,USD,0.993713
2026-04-06,CHF,0.922597
2026-04-06,GBP,0.791156
2026-04-06,USD,0.999172
2026-04-07,CHF,0.922126
2026-04-07,GBP,0.787969
2026-04-07,USD,0.998877
2026-04-08,CHF,0.922941
2026-04-08,GBP,0.789734
2026-04-08,USD,1.000179
2026-04-09,CHF,0.922260
2026-04-09,GBP,0.789705
2026-04-09,USD,0.996967
2026-04-10,CHF,0.922702
2026-04-10,GBP,0.792747
2026-04-10,USD,0.996791
2026-04-13,CHF,0.923006
2026-04-13,GBP,0.793924
2026-04-13,USD,0.993507
2026-04-14,CHF,0.927930
2026-04-14,GBP,0.790209
2026-04-14,USD,0.995004
2026-04-15,CHF,0.928695
2026-04-15,GBP,0.786549
2026-04-15,USD,0.993117
2026-04-16,CHF,0.930338
2026-04-16,GBP,0.786098
2026-04-16,USD,0.997887
2026-04-17,CHF,0.930188
2026-04-17,GBP,0.786619
2026-04-17,USD,1.000547
2026-04-20,CHF,0.929765
2026-04-20,GBP,0.786278
2026-04-20,USD,1.000140
2026-04-21,CHF,0.928763
2026-04-21,GBP,0.787055
2026-04-21,USD,0.998018
2026-04-22,CHF,0.930260
2026-04-22,GBP,0.787942
2026-04-22,USD,1.000433
2026-04-23,CHF,0.930001
2026-04-23,GBP,0.788773
2026-04-23,USD,0.995450
2026-04-24,CHF,0.928868
2026-04-24,GBP,0.788251
2026-04-24,USD,0.993566
2026-04-27,CHF,0.930901
2026-04-27,GBP,0.785671
2026-04-27,USD,0.994197
2026-04-28,CHF,0.933039
2026-04-28,GBP,0.783295
2026-04-28,USD,0.993913
2026-04-29,CHF,0.932018
2026-04-29,GBP,0.784757
2026-04-29,USD,0.987817
2026-04-30,CHF,0.934012
2026-04-30,GBP,0.786237
2026-04-30,USD,0.984858
2026-05-01,CHF,0.936823
2026-05-01,GBP,0.788308
2026-05-01,USD,0.988355
2026-05-04,CHF,0.935431
2026-05-04,GBP,0.783579
2026-05-04,USD,0.984459
2026-05-05,CHF,0.937111
2026-05-05,GBP,0.783631
2026-05-05,USD,0.995717
2026-05-06,CHF,0.933801
2026-05-06,GBP,0.784822
2026-05-06,USD,0.997233
2026-05-07,CHF,0.934883
2026-05-07,GBP,0.785703
2026-05-07,USD,0.997013
2026-05-08,CHF,0.935846
2026-05-08,GBP,0.791063
2026-05-08,USD,0.997032
2026-05-11,CHF,0.933893
2026-05-11,GBP,0.793861
2026-05-11,USD,0.998239
2026-05-12,CHF,0.933696
2026-05-12,GBP,0.793648
2026-05-12,USD,0.996826
2026-05-13,CHF,0.930601
2026-05-13,GBP,0.792905
2026-05-13,USD,0.992251
2026-05-14,CHF,0.931451
2026-05-14,GBP,0.796314
2026-05-14,USD,0.989101
2026-05-15,CHF,0.932344
2026-05-15,GBP,0.792464
2026-05-15,USD,0.985959
2026-05-18,CHF,0.929541
2026-05-18,GBP,0.790338
2026-05-18,USD,0.982160
2026-05-19,CHF,0.925738
2026-05-19,GBP,0.789472
2026-05-19,USD,0.976994
2026-05-20,CHF,0.925548
2026-05-20,GBP,0.792005
2026-05-20,USD,0.973708
2026-05-21,CHF,0.923386
2026-05-21,GBP,0.793567
2026-05-21,USD,0.976001
2026-05-22,CHF,0.924142
2026-05-22,GBP,0.796737
2026-05-22,USD,0.975571
2026-05-25,CHF,0.924049
2026-05-25,GBP,0.794990
2026-05-25,USD,0.979197
2026-05-26,CHF,0.924532
2026-05-26,GBP,0.792818
2026-05-26,USD,0.985567
2026-05-27,CHF,0.922517
2026-05-27,GBP,0.789886
2026-05-27,USD,0.990539
2026-05-28,CHF,0.923230
2026-05-28,GBP,0.791882
2026-05-28,USD,0.996505
2026-05-29,CHF,0.924854
2026-05-29,GBP,0.789714
2026-05-29,USD,0.989374
2026-06-01,CHF,0.924855
2026-06-01,GBP,0.782892
2026-06-01,USD,0.995962
2026-06-02,CHF,0.925549
2026-06-02,GBP,0.780026
2026-06-02,USD,0.996990
2026-06-03,CHF,0.923451
2026-06-03,GBP,0.777592
2026-06-03,USD,1.000288
2026-06-04,CHF,0.924750
2026-06-04,GBP,0.776595
2026-06-04,USD,0.995198
2026-06-05,CHF,0.926459
2026-06-05,GBP,0.776959
2026-06-05,USD,1.003144
2026-06-08,CHF,0.927717
2026-06-08,GBP,0.781487
2026-06-08,USD,0.997489
2026-06-09,CHF,0.928842
2026-06-09,GBP,0.782110
2026-06-09,USD,0.997807
2026-06-10,CHF,0.929463
2026-06-10,GBP,0.781498
2026-06-10,USD,0.998366
2026-06-11,CHF,0.929872
2026-06-11,GBP,0.781612
2026-06-11,USD,0.999639
2026-06-12,CHF,0.928349
2026-06-12,GBP,0.783655
2026-06-12,USD,0.999806
2026-06-15,CHF,0.926511
2026-06-15,GBP,0.779720
2026-06-15,USD,0.994162
2026-06-16,CHF,0.933136
2026-06-16,GBP,0.780504
2026-06-16,USD,0.991725
2026-06-17,CHF,0.935353
2026-06-17,GBP,0.779570
2026-06-17,USD,0.997490
2026-06-18,CHF,0.933629
2026-06-18,GBP,0.782987
2026-06-18,USD,1.000744
2026-06-19,CHF,0.935772
2026-06-19,GBP,0.785435
2026-06-19,USD,1.002184
2026-06-22,CHF,0.940418
2026-06-22,GBP,0.785559
2026-06-22,USD,1.007821
2026-06-23,CHF,0.939946
2026-06-23,GBP,0.784377
2026-06-23,USD,1.003738
2026-06-24,CHF,0.943016
2026-06-24,GBP,0.785275
2026-06-24,USD,1.005575
2026-06-25,CHF,0.940908
2026-06-25,GBP,0.785410
2026-06-25,USD,1.006940
2026-06-26,CHF,0.937316
2026-06-26,GBP,0.790703
2026-06-26,USD,0.996807
2026-06-29,CHF,0.936547
2026-06-29,GBP,0.788744
2026-06-29,USD,0.987122
2026-06-30,CHF,0.937271
2026-06-30,GBP,0.780496
2026-06-30,USD,0.989014
2026-07-01,CHF,0.936138
2026-07-01,GBP,0.782319
2026-07-01,USD,0.988397
2026-07-02,CHF,0.936250
2026-07-02,GBP,0.783730
2026-07-02,USD,0.996612
2026-07-03,CHF,0.935824
2026-07-03,GBP,0.783761
2026-07-03,USD,1.001796
2026-07-06,CHF,0.939207
2026-07-06,GBP,0.786206
2026-07-06,USD,1.004551
2026-07-07,CHF,0.936420
2026-07-07,GBP,0.786008
2026-07-07,USD,1.007262
2026-07-08,CHF,0.938538
2026-07-08,GBP,0.785808
2026-07-08,USD,1.010605
2026-07-09,CHF,0.938473
2026-07-09,GBP,0.784009
2026-07-09,USD,1.006224
2026-07-10,CHF,0.939939
2026-07-10,GBP,0.786765
2026-07-10,USD,1.001831
2026-07-13,CHF,0.940377
2026-07-13,GBP,0.782145
2026-07-13,USD,0.994149
2026-07-14,CHF,0.940252
2026-07-14,GBP,0.780749
2026-07-14,USD,0.988733
2026-07-15,CHF,0.940571
2026-07-15,GBP,0.780978
2026-07-15,USD,0.986487
2026-07-16,CHF,0.945046
2026-07-16,GBP,0.784931
2026-07-16,USD,0.976477
2026-07-17,CHF,0.947008
2026-07-17,GBP,0.785948
2026-07-17,USD,0.979269
2026-07-20,CHF,0.950489
2026-07-20,GBP,0.784637
2026-07-20,USD,0.971344
2026-07-21,CHF,0.951325
2026-07-21,GBP,0.789994
2026-07-21,USD,0.968522
